# Source Data for Fig. 5, Quantum-Resistant Quantum Teleportation
# m=30, s=2, a=0.3, b=2.7, ||b1||=10, d_i=2, T_coh=20 s
# maximum at t* = 16.40 s with P_joint = 0.6450 (printed on the figure as 16 s and 0.645)
time_s,P_LWE,P_SWAP,P_joint
0.500000,0.0000000000,0.9876549560,0.0000000000
0.550000,0.0000000000,0.9864373413,0.0000000000
0.600000,0.0000000000,0.9852227668,0.0000000000
0.650000,0.0000000000,0.9840112249,0.0000000000
0.700000,0.0000000000,0.9828027081,0.0000000000
0.750000,0.0000000000,0.9815972089,0.0000000000
0.800000,0.0000000000,0.9803947196,0.0000000000
0.850000,0.0000000002,0.9791952328,0.0000000002
0.900000,0.0000000013,0.9779987409,0.0000000012
0.950000,0.0000000061,0.9768052366,0.0000000059
1.000000,0.0000000243,0.9756147123,0.0000000237
1.050000,0.0000000826,0.9744271605,0.0000000805
1.100000,0.0000002457,0.9732425740,0.0000002391
1.150000,0.0000006512,0.9720609452,0.0000006330
1.200000,0.0000015650,0.9708822668,0.0000015194
1.250000,0.0000034562,0.9697065314,0.0000033515
1.300000,0.0000070935,0.9685337317,0.0000068703
1.350000,0.0000136562,0.9673638603,0.0000132105
1.400000,0.0000248540,0.9661969100,0.0000240139
1.450000,0.0000430461,0.9650328733,0.0000415409
1.500000,0.0000713480,0.9638717432,0.0000687703
1.550000,0.0001137192,0.9627135122,0.0001094790
1.600000,0.0001750210,0.9615581732,0.0001682929
1.650000,0.0002610422,0.9604057189,0.0002507064
1.700000,0.0003784879,0.9592561422,0.0003630668
1.750000,0.0005349332,0.9581094358,0.0005125245
1.800000,0.0007387437,0.9569655926,0.0007069523
1.850000,0.0009989682,0.9558246055,0.0009548384
1.900000,0.0013252079,0.9546864672,0.0012651581
1.950000,0.0017274702,0.9535511708,0.0016472312
2.000000,0.0022160124,0.9524187090,0.0021105717
2.050000,0.0028011823,0.9512890749,0.0026647341
2.100000,0.0034932607,0.9501622613,0.0033191644
2.150000,0.0043023113,0.9490382612,0.0040830580
2.200000,0.0052380417,0.9479170676,0.0049652291
2.250000,0.0063096777,0.9467986736,0.0059739945
2.300000,0.0075258541,0.9456830720,0.0071170729
2.350000,0.0088945226,0.9445702559,0.0084015015
2.400000,0.0104228768,0.9434602184,0.0098335696
2.450000,0.0121172953,0.9423529525,0.0114187690
2.500000,0.0139833010,0.9412484513,0.0131617604
2.550000,0.0160255368,0.9401467079,0.0150663557
2.600000,0.0182477548,0.9390477155,0.0171355125
2.650000,0.0206528194,0.9379514671,0.0193713422
2.700000,0.0232427210,0.9368579558,0.0217751281
2.750000,0.0260186004,0.9357671750,0.0243473522
2.800000,0.0289807804,0.9346791177,0.0270877302
2.850000,0.0321288045,0.9335937771,0.0299952520
2.900000,0.0354614813,0.9325111466,0.0330682266
2.950000,0.0389769323,0.9314312192,0.0363043315
3.000000,0.0426726422,0.9303539882,0.0397006628
3.050000,0.0465455119,0.9292794470,0.0432537876
3.100000,0.0505919118,0.9282075887,0.0469597964
3.150000,0.0548077342,0.9271384068,0.0508143554
3.200000,0.0591884469,0.9260718945,0.0548127571
3.250000,0.0637291437,0.9250080451,0.0589499706
3.300000,0.0684245946,0.9239468520,0.0632206888
3.350000,0.0732692931,0.9228883086,0.0676193740
3.400000,0.0782575015,0.9218324083,0.0721403011
3.450000,0.0833832939,0.9207791444,0.0767775980
3.500000,0.0886405959,0.9197285104,0.0815252832
3.550000,0.0940232223,0.9186804997,0.0863773009
3.600000,0.0995249118,0.9176351057,0.0913275529
3.650000,0.1051393584,0.9165923220,0.0963699286
3.700000,0.1108602411,0.9155521419,0.1014983312
3.750000,0.1166812501,0.9145145591,0.1067067020
3.800000,0.1225961106,0.9134795670,0.1119890421
3.850000,0.1285986049,0.9124471591,0.1173394317
3.900000,0.1346825908,0.9114173290,0.1227520471
3.950000,0.1408420190,0.9103900703,0.1282211756
4.000000,0.1470709481,0.9093653765,0.1337412281
4.050000,0.1533635570,0.9083432413,0.1393067504
4.100000,0.1597141564,0.9073236582,0.1449124326
4.150000,0.1661171982,0.9063066209,0.1505531166
4.200000,0.1725672832,0.9052921230,0.1562238021
4.250000,0.1790591676,0.9042801582,0.1619196524
4.300000,0.1855877681,0.9032707201,0.1676359969
4.350000,0.1921481660,0.9022638025,0.1733683349
4.400000,0.1987356097,0.9012593990,0.1791123362
4.450000,0.2053455170,0.9002575034,0.1848638425
4.500000,0.2119734757,0.8992581094,0.1906188670
4.550000,0.2186152442,0.8982612107,0.1963735939
4.600000,0.2252667504,0.8972668013,0.2021243765
4.650000,0.2319240913,0.8962748747,0.2078677358
4.700000,0.2385835309,0.8952854248,0.2136003578
4.750000,0.2452414981,0.8942984455,0.2193190905
4.800000,0.2518945843,0.8933139305,0.2250209412
4.850000,0.2585395403,0.8923318738,0.2307030725
4.900000,0.2651732732,0.8913522691,0.2363627988
4.950000,0.2717928429,0.8903751104,0.2419975825
5.000000,0.2783954584,0.8894003915,0.2476050297
5.050000,0.2849784737,0.8884281064,0.2531828858
5.100000,0.2915393844,0.8874582490,0.2587290316
5.150000,0.2980758229,0.8864908132,0.2642414787
5.200000,0.3045855548,0.8855257929,0.2697183650
5.250000,0.3110664743,0.8845631822,0.2751579503
5.300000,0.3175165998,0.8836029750,0.2805586122
5.350000,0.3239340703,0.8826451653,0.2859188410
5.400000,0.3303171404,0.8816897472,0.2912372360
5.450000,0.3366641765,0.8807367146,0.2965125007
5.500000,0.3429736525,0.8797860616,0.3017434390
5.550000,0.3492441456,0.8788377823,0.3069289504
5.600000,0.3554743324,0.8778918707,0.3120680267
5.650000,0.3616629846,0.8769483210,0.3171597471
5.700000,0.3678089654,0.8760071272,0.3222032751
5.750000,0.3739112255,0.8750682834,0.3271978542
5.800000,0.3799687993,0.8741317838,0.3321428043
5.850000,0.3859808013,0.8731976225,0.3370375181
5.900000,0.3919464228,0.8722657937,0.3418814575
5.950000,0.3978649278,0.8713362916,0.3466741507
6.000000,0.4037356503,0.8704091103,0.3514151882
6.050000,0.4095579909,0.8694842441,0.3561042202
6.100000,0.4153314134,0.8685616872,0.3607409532
6.150000,0.4210554418,0.8676414338,0.3653251473
6.200000,0.4267296578,0.8667234781,0.3698566132
6.250000,0.4323536972,0.8658078145,0.3743352097
6.300000,0.4379272480,0.8648944371,0.3787608407
6.350000,0.4434500472,0.8639833404,0.3831334531
6.400000,0.4489218784,0.8630745185,0.3874530341
6.450000,0.4543425694,0.8621679659,0.3917196089
6.500000,0.4597119900,0.8612636768,0.3959332387
6.550000,0.4650300492,0.8603616456,0.4000940184
6.600000,0.4702966939,0.8594618667,0.4042020745
6.650000,0.4755119062,0.8585643344,0.4082575632
6.700000,0.4806757013,0.8576690432,0.4122606688
6.750000,0.4857881262,0.8567759874,0.4162116015
6.800000,0.4908492575,0.8558851614,0.4201105960
6.850000,0.4958591995,0.8549965597,0.4239579097
6.900000,0.5008180830,0.8541101767,0.4277538214
6.950000,0.5057260632,0.8532260070,0.4314986296
7.000000,0.5105833187,0.8523440449,0.4351926511
7.050000,0.5153900493,0.8514642849,0.4388362198
7.100000,0.5201464756,0.8505867216,0.4424296855
7.150000,0.5248528369,0.8497113495,0.4459734123
7.200000,0.5295093900,0.8488381630,0.4494677779
7.250000,0.5341164085,0.8479671568,0.4529131724
7.300000,0.5386741813,0.8470983254,0.4563099969
7.350000,0.5431830112,0.8462316634,0.4596586631
7.400000,0.5476432147,0.8453671653,0.4629595920
7.450000,0.5520551201,0.8445048258,0.4662132130
7.500000,0.5564190672,0.8436446394,0.4694199633
7.550000,0.5607354061,0.8427866008,0.4725802868
7.600000,0.5650044964,0.8419307046,0.4756946338
7.650000,0.5692267065,0.8410769455,0.4787634596
7.700000,0.5734024127,0.8402253181,0.4817872246
7.750000,0.5775319985,0.8393758171,0.4847663931
7.800000,0.5816158540,0.8385284372,0.4877014331
7.850000,0.5856543752,0.8376831732,0.4905928154
7.900000,0.5896479632,0.8368400196,0.4934410131
7.950000,0.5935970240,0.8359989713,0.4962465015
8.000000,0.5975019676,0.8351600230,0.4990097570
8.050000,0.6013632076,0.8343231695,0.5017312574
8.100000,0.6051811607,0.8334884054,0.5044114807
8.150000,0.6089562463,0.8326557257,0.5070509052
8.200000,0.6126888858,0.8318251251,0.5096500091
8.250000,0.6163795027,0.8309965983,0.5122092700
8.300000,0.6200285214,0.8301701404,0.5147291646
8.350000,0.6236363678,0.8293457459,0.5172101686
8.400000,0.6272034681,0.8285234099,0.5196527561
8.450000,0.6307302489,0.8277031272,0.5220573994
8.500000,0.6342171369,0.8268848926,0.5244245691
8.550000,0.6376645585,0.8260687010,0.5267547335
8.600000,0.6410729394,0.8252545474,0.5290483584
8.650000,0.6444427046,0.8244424266,0.5313059072
8.700000,0.6477742781,0.8236323335,0.5335278403
8.750000,0.6510680824,0.8228242632,0.5357146152
8.800000,0.6543245388,0.8220182105,0.5378666865
8.850000,0.6575440666,0.8212141705,0.5399845052
8.900000,0.6607270835,0.8204121380,0.5420685192
8.950000,0.6638740050,0.8196121081,0.5441191727
9.000000,0.6669852443,0.8188140758,0.5461369064
9.050000,0.6700612124,0.8180180361,0.5481221570
9.100000,0.6731023178,0.8172239840,0.5500753578
9.150000,0.6761089663,0.8164319145,0.5519969378
9.200000,0.6790815610,0.8156418228,0.5538873222
9.250000,0.6820205020,0.8148537038,0.5557469321
9.300000,0.6849261868,0.8140675526,0.5575761846
9.350000,0.6877990095,0.8132833644,0.5593754924
9.400000,0.6906393611,0.8125011341,0.5611452642
9.450000,0.6934476297,0.8117208571,0.5628859043
9.500000,0.6962241997,0.8109425282,0.5645978128
9.550000,0.6989694526,0.8101661428,0.5662813853
9.600000,0.7016837660,0.8093916959,0.5679370133
9.650000,0.7043675145,0.8086191827,0.5695650839
9.700000,0.7070210689,0.8078485984,0.5711659796
9.750000,0.7096447967,0.8070799381,0.5727400786
9.800000,0.7122390617,0.8063131971,0.5742877549
9.850000,0.7148042240,0.8055483705,0.5758093779
9.900000,0.7173406402,0.8047854536,0.5773053126
9.950000,0.7198486633,0.8040244417,0.5787759196
10.000000,0.7223286425,0.8032653299,0.5802215553
10.050000,0.7247809234,0.8025081134,0.5816425715
10.100000,0.7272058478,0.8017527877,0.5830393157
10.150000,0.7296037539,0.8009993479,0.5844121311
10.200000,0.7319749762,0.8002477894,0.5857613566
10.250000,0.7343198455,0.7994981074,0.5870873267
10.300000,0.7366386887,0.7987502973,0.5883903716
10.350000,0.7389318292,0.7980043544,0.5896708173
10.400000,0.7411995867,0.7972602740,0.5909289856
10.450000,0.7434422772,0.7965180515,0.5921651940
10.500000,0.7456602128,0.7957776822,0.5933797558
10.550000,0.7478537022,0.7950391615,0.5945729804
10.600000,0.7500230505,0.7943024848,0.5957451727
10.650000,0.7521685588,0.7935676476,0.5968966338
10.700000,0.7542905249,0.7928346451,0.5980276606
10.750000,0.7563892430,0.7921034728,0.5991385461
10.800000,0.7584650035,0.7913741262,0.6002295794
10.850000,0.7605180934,0.7906466007,0.6013010453
10.900000,0.7625487963,0.7899208917,0.6023532251
10.950000,0.7645573920,0.7891969947,0.6033863960
11.000000,0.7665441569,0.7884749052,0.6044008315
11.050000,0.7685093642,0.7877546187,0.6053968011
11.100000,0.7704532833,0.7870361306,0.6063745709
11.150000,0.7723761805,0.7863194365,0.6073344030
11.200000,0.7742783186,0.7856045319,0.6082765560
11.250000,0.7761599569,0.7848914124,0.6092012848
11.300000,0.7780213517,0.7841800734,0.6101088407
11.350000,0.7798627559,0.7834705105,0.6109994715
11.400000,0.7816844190,0.7827627193,0.6118734215
11.450000,0.7834865875,0.7820566954,0.6127309315
11.500000,0.7852695045,0.7813524344,0.6135722390
11.550000,0.7870334101,0.7806499318,0.6143975779
11.600000,0.7887785412,0.7799491833,0.6152071790
11.650000,0.7905051317,0.7792501844,0.6160012697
11.700000,0.7922134124,0.7785529309,0.6167800741
11.750000,0.7939036110,0.7778574183,0.6175438133
11.800000,0.7955759522,0.7771636424,0.6182927048
11.850000,0.7972306580,0.7764715987,0.6190269635
11.900000,0.7988679471,0.7757812829,0.6197468009
11.950000,0.8004880355,0.7750926908,0.6204524254
12.000000,0.8020911364,0.7744058180,0.6211440426
12.050000,0.8036774601,0.7737206603,0.6218218551
12.100000,0.8052472140,0.7730372133,0.6224860624
12.150000,0.8068006030,0.7723554728,0.6231368612
12.200000,0.8083378290,0.7716754345,0.6237744455
12.250000,0.8098590914,0.7709970942,0.6243990062
12.300000,0.8113645869,0.7703204477,0.6250107318
12.350000,0.8128545095,0.7696454906,0.6256098077
12.400000,0.8143290506,0.7689722188,0.6261964169
12.450000,0.8157883992,0.7683006281,0.6267707395
12.500000,0.8172327415,0.7676307143,0.6273329531
12.550000,0.8186622616,0.7669624731,0.6278832328
12.600000,0.8200771406,0.7662959005,0.6284217510
12.650000,0.8214775577,0.7656309922,0.6289486776
12.700000,0.8228636893,0.7649677442,0.6294641802
12.750000,0.8242357097,0.7643061521,0.6299684238
12.800000,0.8255937907,0.7636462120,0.6304615710
12.850000,0.8269381019,0.7629879197,0.6309437821
12.900000,0.8282688104,0.7623312711,0.6314152150
12.950000,0.8295860813,0.7616762620,0.6318760254
13.000000,0.8308900774,0.7610228884,0.6323263666
13.050000,0.8321809593,0.7603711462,0.6327663898
13.100000,0.8334588854,0.7597210313,0.6331962440
13.150000,0.8347240121,0.7590725397,0.6336160757
13.200000,0.8359764934,0.7584256672,0.6340260298
13.250000,0.8372164817,0.7577804100,0.6344262488
13.300000,0.8384441269,0.7571367639,0.6348168729
13.350000,0.8396595772,0.7564947248,0.6351980408
13.400000,0.8408629785,0.7558542889,0.6355698887
13.450000,0.8420544751,0.7552154520,0.6359325511
13.500000,0.8432342091,0.7545782103,0.6362861604
13.550000,0.8444023208,0.7539425597,0.6366308471
13.600000,0.8455589485,0.7533084962,0.6369667399
13.650000,0.8467042288,0.7526760159,0.6372939656
13.700000,0.8478382965,0.7520451148,0.6376126490
13.750000,0.8489612843,0.7514157890,0.6379229133
13.800000,0.8500733235,0.7507880345,0.6382248798
13.850000,0.8511745433,0.7501618475,0.6385186680
13.900000,0.8522650715,0.7495372240,0.6388043958
13.950000,0.8533450339,0.7489141601,0.6390821793
14.000000,0.8544145548,0.7482926519,0.6393521330
14.050000,0.8554737568,0.7476726955,0.6396143697
14.100000,0.8565227607,0.7470542871,0.6398690004
14.150000,0.8575616860,0.7464374228,0.6401161348
14.200000,0.8585906505,0.7458220987,0.6403558809
14.250000,0.8596097702,0.7452083110,0.6405883450
14.300000,0.8606191598,0.7445960559,0.6408136320
14.350000,0.8616189325,0.7439853295,0.6410318454
14.400000,0.8626091998,0.7433761280,0.6412430869
14.450000,0.8635900718,0.7427684476,0.6414474570
14.500000,0.8645616573,0.7421622845,0.6416450547
14.550000,0.8655240635,0.7415576349,0.6418359775
14.600000,0.8664773961,0.7409544950,0.6420203215
14.650000,0.8674217597,0.7403528612,0.6421981816
14.700000,0.8683572572,0.7397527295,0.6423696512
14.750000,0.8692839903,0.7391540963,0.6425348223
14.800000,0.8702020594,0.7385569578,0.6426937856
14.850000,0.8711115634,0.7379613102,0.6428466307
14.900000,0.8720126002,0.7373671500,0.6429934457
14.950000,0.8729052660,0.7367744732,0.6431343176
15.000000,0.8737896562,0.7361832764,0.6432693320
15.050000,0.8746658646,0.7355935556,0.6433985733
15.100000,0.8755339839,0.7350053074,0.6435221249
15.150000,0.8763941056,0.7344185279,0.6436400689
15.200000,0.8772463200,0.7338332135,0.6437524861
15.250000,0.8780907162,0.7332493606,0.6438594562
15.300000,0.8789273822,0.7326669655,0.6439610580
15.350000,0.8797564047,0.7320860246,0.6440573689
15.400000,0.8805778695,0.7315065342,0.6441484654
15.450000,0.8813918611,0.7309284907,0.6442344227
15.500000,0.8821984630,0.7303518905,0.6443153152
15.550000,0.8829977575,0.7297767300,0.6443912161
15.600000,0.8837898261,0.7292030057,0.6444621975
15.650000,0.8845747489,0.7286307138,0.6445283307
15.700000,0.8853526053,0.7280598509,0.6445896858
15.750000,0.8861234734,0.7274904134,0.6446463320
15.800000,0.8868874305,0.7269223976,0.6446983374
15.850000,0.8876445528,0.7263558002,0.6447457695
15.900000,0.8883949156,0.7257906175,0.6447886943
15.950000,0.8891385931,0.7252268459,0.6448271774
16.000000,0.8898756586,0.7246644821,0.6448612832
16.050000,0.8906061846,0.7241035223,0.6448910753
16.100000,0.8913302426,0.7235439633,0.6449166163
16.150000,0.8920479031,0.7229858014,0.6449379681
16.200000,0.8927592357,0.7224290331,0.6449551915
16.250000,0.8934643094,0.7218736550,0.6449683466
16.300000,0.8941631919,0.7213196637,0.6449774928
16.350000,0.8948559503,0.7207670556,0.6449826885
16.400000,0.8955426509,0.7202158273,0.6449839911
16.450000,0.8962233590,0.7196659753,0.6449814577
16.500000,0.8968981391,0.7191174962,0.6449751442
16.550000,0.8975670550,0.7185703867,0.6449651058
16.600000,0.8982301697,0.7180246432,0.6449513970
16.650000,0.8988875452,0.7174802623,0.6449340717
16.700000,0.8995392429,0.7169372407,0.6449131827
16.750000,0.9001853234,0.7163955750,0.6448887824
16.800000,0.9008258466,0.7158552617,0.6448609222
16.850000,0.9014608716,0.7153162975,0.6448296531
16.900000,0.9020904567,0.7147786791,0.6447950251
16.950000,0.9027146595,0.7142424030,0.6447570877
17.000000,0.9033335370,0.7137074660,0.6447158896
17.050000,0.9039471453,0.7131738646,0.6446714790
17.100000,0.9045555400,0.7126415955,0.6446239033
17.150000,0.9051587759,0.7121106555,0.6445732093
17.200000,0.9057569072,0.7115810412,0.6445194431
17.250000,0.9063499874,0.7110527492,0.6444626502
17.300000,0.9069380691,0.7105257763,0.6444028756
17.350000,0.9075212048,0.7100001192,0.6443401636
17.400000,0.9080994458,0.7094757746,0.6442745577
17.450000,0.9086728431,0.7089527393,0.6442061012
17.500000,0.9092414470,0.7084310098,0.6441348365
17.550000,0.9098053071,0.7079105831,0.6440608055
17.600000,0.9103644725,0.7073914558,0.6439840495
17.650000,0.9109189917,0.7068736248,0.6439046095
17.700000,0.9114689125,0.7063570866,0.6438225256
17.750000,0.9120142823,0.7058418383,0.6437378375
17.800000,0.9125551478,0.7053278764,0.6436505844
17.850000,0.9130915550,0.7048151978,0.6435608050
17.900000,0.9136235498,0.7043037993,0.6434685372
17.950000,0.9141511769,0.7037936777,0.6433738188
18.000000,0.9146744811,0.7032848299,0.6432766869
18.050000,0.9151935063,0.7027772525,0.6431771779
18.100000,0.9157082959,0.7022709426,0.6430753281
18.150000,0.9162188928,0.7017658968,0.6429711730
18.200000,0.9167253395,0.7012621120,0.6428647477
18.250000,0.9172276779,0.7007595852,0.6427560871
18.300000,0.9177259493,0.7002583130,0.6426452251
18.350000,0.9182201948,0.6997582925,0.6425321957
18.400000,0.9187104546,0.6992595205,0.6424170320
18.450000,0.9191967689,0.6987619939,0.6422997670
18.500000,0.9196791770,0.6982657095,0.6421804331
18.550000,0.9201577179,0.6977706643,0.6420590621
18.600000,0.9206324303,0.6972768552,0.6419356858
18.650000,0.9211033522,0.6967842790,0.6418103352
18.700000,0.9215705212,0.6962929328,0.6416830410
18.750000,0.9220339746,0.6958028133,0.6415538335
18.800000,0.9224937492,0.6953139177,0.6414227428
18.850000,0.9229498812,0.6948262427,0.6412897982
18.900000,0.9234024066,0.6943397855,0.6411550289
18.950000,0.9238513609,0.6938545428,0.6410184636
19.000000,0.9242967791,0.6933705117,0.6408801307
19.050000,0.9247386960,0.6928876892,0.6407400582
19.100000,0.9251771458,0.6924060723,0.6405982737
19.150000,0.9256121624,0.6919256579,0.6404548044
19.200000,0.9260437792,0.6914464430,0.6403096772
19.250000,0.9264720294,0.6909684247,0.6401629187
19.300000,0.9268969457,0.6904915999,0.6400145550
19.350000,0.9273185604,0.6900159657,0.6398646119
19.400000,0.9277369055,0.6895415191,0.6397131151
19.450000,0.9281520125,0.6890682571,0.6395600896
19.500000,0.9285639128,0.6885961768,0.6394055602
19.550000,0.9289726371,0.6881252752,0.6392495516
19.600000,0.9293782161,0.6876555494,0.6390920878
19.650000,0.9297806798,0.6871869965,0.6389331928
19.700000,0.9301800582,0.6867196135,0.6387728900
19.750000,0.9305763807,0.6862533974,0.6386112028
19.800000,0.9309696765,0.6857883455,0.6384481541
19.850000,0.9313599743,0.6853244548,0.6382837666
19.900000,0.9317473029,0.6848617223,0.6381180626
19.950000,0.9321316902,0.6844001452,0.6379510641
20.000000,0.9325131641,0.6839397206,0.6377827929
20.050000,0.9328917523,0.6834804456,0.6376132706
20.100000,0.9332674820,0.6830223174,0.6374425183
20.150000,0.9336403800,0.6825653331,0.6372705570
20.200000,0.9340104731,0.6821094898,0.6370974072
20.250000,0.9343777875,0.6816547847,0.6369230896
20.300000,0.9347423494,0.6812012149,0.6367476240
20.350000,0.9351041844,0.6807487777,0.6365710305
20.400000,0.9354633180,0.6802974701,0.6363933286
20.450000,0.9358197754,0.6798472894,0.6362145377
20.500000,0.9361735816,0.6793982327,0.6360346768
20.550000,0.9365247611,0.6789502973,0.6358537650
20.600000,0.9368733383,0.6785034803,0.6356718206
20.650000,0.9372193373,0.6780577789,0.6354888622
20.700000,0.9375627819,0.6776131905,0.6353049079
20.750000,0.9379036957,0.6771697121,0.6351199756
20.800000,0.9382421020,0.6767273410,0.6349340829
20.850000,0.9385780238,0.6762860744,0.6347472472
20.900000,0.9389114839,0.6758459097,0.6345594859
20.950000,0.9392425048,0.6754068440,0.6343708159
21.000000,0.9395711089,0.6749688746,0.6341812540
21.050000,0.9398973183,0.6745319987,0.6339908167
21.100000,0.9402211547,0.6740962137,0.6337995204
21.150000,0.9405426397,0.6736615167,0.6336073812
21.200000,0.9408617946,0.6732279052,0.6334144150
21.250000,0.9411786407,0.6727953763,0.6332206377
21.300000,0.9414931987,0.6723639274,0.6330260647
21.350000,0.9418054893,0.6719335558,0.6328307113
21.400000,0.9421155330,0.6715042587,0.6326345926
21.450000,0.9424233500,0.6710760336,0.6324377237
21.500000,0.9427289603,0.6706488777,0.6322401192
21.550000,0.9430323837,0.6702227883,0.6320417937
21.600000,0.9433336397,0.6697977628,0.6318427615
21.650000,0.9436327478,0.6693737986,0.6316430369
21.700000,0.9439297271,0.6689508929,0.6314426338
21.750000,0.9442245965,0.6685290432,0.6312415661
21.800000,0.9445173748,0.6681082469,0.6310398474
21.850000,0.9448080806,0.6676885011,0.6308374912
21.900000,0.9450967323,0.6672698035,0.6306345108
21.950000,0.9453833479,0.6668521512,0.6304309193
22.000000,0.9456679455,0.6664355418,0.6302267297
22.050000,0.9459505428,0.6660199727,0.6300219547
22.100000,0.9462311576,0.6656054411,0.6298166070
22.150000,0.9465098071,0.6651919446,0.6296106991
22.200000,0.9467865086,0.6647794805,0.6294042433
22.250000,0.9470612791,0.6643680463,0.6291972518
22.300000,0.9473341356,0.6639576394,0.6289897365
22.350000,0.9476050947,0.6635482573,0.6287817092
22.400000,0.9478741730,0.6631398973,0.6285731818
22.450000,0.9481413868,0.6627325570,0.6283641656
22.500000,0.9484067523,0.6623262337,0.6281546722
22.550000,0.9486702854,0.6619209249,0.6279447128
22.600000,0.9489320022,0.6615166282,0.6277342985
22.650000,0.9491919181,0.6611133410,0.6275234402
22.700000,0.9494500488,0.6607110607,0.6273121488
22.750000,0.9497064097,0.6603097848,0.6271004350
22.800000,0.9499610158,0.6599095109,0.6268883093
22.850000,0.9502138824,0.6595102364,0.6266757822
22.900000,0.9504650242,0.6591119589,0.6264628639
22.950000,0.9507144560,0.6587146758,0.6262495647
23.000000,0.9509621924,0.6583183847,0.6260358944
23.050000,0.9512082479,0.6579230831,0.6258218631
23.100000,0.9514526367,0.6575287685,0.6256074805
23.150000,0.9516953730,0.6571354384,0.6253927562
23.200000,0.9519364708,0.6567430904,0.6251776997
23.250000,0.9521759440,0.6563517221,0.6249623206
23.300000,0.9524138063,0.6559613310,0.6247466280
23.350000,0.9526500712,0.6555719147,0.6245306312
23.400000,0.9528847522,0.6551834706,0.6243143391
23.450000,0.9531178627,0.6547959965,0.6240977607
23.500000,0.9533494159,0.6544094898,0.6238809049
23.550000,0.9535794246,0.6540239482,0.6236637803
23.600000,0.9538079020,0.6536393693,0.6234463955
23.650000,0.9540348607,0.6532557506,0.6232287591
23.700000,0.9542603135,0.6528730897,0.6230108793
23.750000,0.9544842728,0.6524913844,0.6227927645
23.800000,0.9547067511,0.6521106320,0.6225744229
23.850000,0.9549277607,0.6517308304,0.6223558624
23.900000,0.9551473136,0.6513519771,0.6221370911
23.950000,0.9553654220,0.6509740697,0.6219181169
24.000000,0.9555820978,0.6505971060,0.6216989474
24.050000,0.9557973528,0.6502210834,0.6214795903
24.100000,0.9560111987,0.6498459998,0.6212600532
24.150000,0.9562236470,0.6494718526,0.6210403436
24.200000,0.9564347093,0.6490986397,0.6208204688
24.250000,0.9566443968,0.6487263587,0.6206004361
24.300000,0.9568527208,0.6483550071,0.6203802526
24.350000,0.9570596924,0.6479845829,0.6201599255
24.400000,0.9572653226,0.6476150835,0.6199394618
24.450000,0.9574696225,0.6472465067,0.6197188684
24.500000,0.9576726026,0.6468788502,0.6194981520
24.550000,0.9578742738,0.6465121117,0.6192773195
24.600000,0.9580746467,0.6461462888,0.6190563774
24.650000,0.9582737317,0.6457813794,0.6188353324
24.700000,0.9584715393,0.6454173812,0.6186141908
24.750000,0.9586680796,0.6450542918,0.6183929591
24.800000,0.9588633630,0.6446921090,0.6181716437
24.850000,0.9590573995,0.6443308305,0.6179502507
24.900000,0.9592501990,0.6439704541,0.6177287862
24.950000,0.9594417716,0.6436109775,0.6175072564
25.000000,0.9596321270,0.6432523984,0.6172856673
25.050000,0.9598212749,0.6428947147,0.6170640247
25.100000,0.9600092249,0.6425379241,0.6168423345
25.150000,0.9601959866,0.6421820244,0.6166206025
25.200000,0.9603815694,0.6418270132,0.6163988343
25.250000,0.9605659826,0.6414728886,0.6161770355
25.300000,0.9607492355,0.6411196481,0.6159552118
25.350000,0.9609313373,0.6407672896,0.6157333685
25.400000,0.9611122971,0.6404158109,0.6155115111
25.450000,0.9612921237,0.6400652098,0.6152896449
25.500000,0.9614708263,0.6397154841,0.6150677751
25.550000,0.9616484135,0.6393666316,0.6148459070
25.600000,0.9618248941,0.6390186502,0.6146240456
25.650000,0.9620002768,0.6386715377,0.6144021960
25.700000,0.9621745702,0.6383252918,0.6141803633
25.750000,0.9623477828,0.6379799105,0.6139585523
25.800000,0.9625199229,0.6376353915,0.6137367679
25.850000,0.9626909990,0.6372917328,0.6135150149
25.900000,0.9628610193,0.6369489322,0.6132932981
25.950000,0.9630299919,0.6366069874,0.6130716220
26.000000,0.9631979251,0.6362658965,0.6128499913
26.050000,0.9633648267,0.6359256573,0.6126284106
26.100000,0.9635307049,0.6355862675,0.6124068844
26.150000,0.9636955674,0.6352477252,0.6121854170
26.200000,0.9638594221,0.6349100282,0.6119640129
26.250000,0.9640222768,0.6345731744,0.6117426763
26.300000,0.9641841390,0.6342371616,0.6115214116
26.350000,0.9643450165,0.6339019879,0.6113002229
26.400000,0.9645049167,0.6335676510,0.6110791144
26.450000,0.9646638471,0.6332341489,0.6108580902
26.500000,0.9648218150,0.6329014795,0.6106371542
26.550000,0.9649788279,0.6325696408,0.6104163106
26.600000,0.9651348929,0.6322386306,0.6101955631
26.650000,0.9652900174,0.6319084470,0.6099749157
26.700000,0.9654442083,0.6315790877,0.6097543723
26.750000,0.9655974727,0.6312505509,0.6095339365
26.800000,0.9657498177,0.6309228343,0.6093136122
26.850000,0.9659012502,0.6305959360,0.6090934029
26.900000,0.9660517770,0.6302698539,0.6088733124
26.950000,0.9662014050,0.6299445860,0.6086533441
27.000000,0.9663501409,0.6296201303,0.6084335017
27.050000,0.9664979914,0.6292964847,0.6082137885
27.100000,0.9666449632,0.6289736472,0.6079942081
27.150000,0.9667910627,0.6286516158,0.6077747637
27.200000,0.9669362965,0.6283303885,0.6075554588
27.250000,0.9670806711,0.6280099632,0.6073362967
27.300000,0.9672241928,0.6276903380,0.6071172805
27.350000,0.9673668680,0.6273715108,0.6068984135
27.400000,0.9675087030,0.6270534798,0.6066796989
27.450000,0.9676497039,0.6267362428,0.6064611398
27.500000,0.9677898770,0.6264197979,0.6062427392
27.550000,0.9679292284,0.6261041431,0.6060245001
27.600000,0.9680677640,0.6257892765,0.6058064257
27.650000,0.9682054900,0.6254751961,0.6055885187
27.700000,0.9683424123,0.6251618999,0.6053707822
27.750000,0.9684785367,0.6248493860,0.6051532190
27.800000,0.9686138692,0.6245376523,0.6049358318
27.850000,0.9687484154,0.6242266970,0.6047186236
27.900000,0.9688821813,0.6239165182,0.6045015971
27.950000,0.9690151724,0.6236071138,0.6042847549
28.000000,0.9691473944,0.6232984820,0.6040680997
28.050000,0.9692788528,0.6229906208,0.6038516342
28.100000,0.9694095534,0.6226835282,0.6036353610
28.150000,0.9695395014,0.6223772025,0.6034192826
28.200000,0.9696687025,0.6220716416,0.6032034015
28.250000,0.9697971619,0.6217668436,0.6029877203
28.300000,0.9699248851,0.6214628067,0.6027722414
28.350000,0.9700518774,0.6211595290,0.6025569672
28.400000,0.9701781439,0.6208570084,0.6023419001
28.450000,0.9703036900,0.6205552433,0.6021270424
28.500000,0.9704285208,0.6202542316,0.6019123965
28.550000,0.9705526415,0.6199539715,0.6016979646
28.600000,0.9706760570,0.6196544611,0.6014837491
28.650000,0.9707987726,0.6193556986,0.6012697520
28.700000,0.9709207930,0.6190576820,0.6010559755
28.750000,0.9710421234,0.6187604095,0.6008424220
28.800000,0.9711627686,0.6184638793,0.6006290933
28.850000,0.9712827335,0.6181680895,0.6004159918
28.900000,0.9714020229,0.6178730383,0.6002031193
28.950000,0.9715206416,0.6175787237,0.5999904779
29.000000,0.9716385944,0.6172851440,0.5997780697
29.050000,0.9717558859,0.6169922974,0.5995658965
29.100000,0.9718725208,0.6167001820,0.5993539604
29.150000,0.9719885038,0.6164087959,0.5991422632
29.200000,0.9721038394,0.6161181374,0.5989308068
29.250000,0.9722185321,0.6158282046,0.5987195931
29.300000,0.9723325866,0.6155389957,0.5985086239
29.350000,0.9724460072,0.6152505090,0.5982979009
29.400000,0.9725587984,0.6149627426,0.5980874260
29.450000,0.9726709646,0.6146756947,0.5978772009
29.500000,0.9727825102,0.6143893635,0.5976672273
29.550000,0.9728934394,0.6141037473,0.5974575068
29.600000,0.9730037566,0.6138188442,0.5972480412
29.650000,0.9731134659,0.6135346525,0.5970388321
29.700000,0.9732225717,0.6132511703,0.5968298811
29.750000,0.9733310782,0.6129683960,0.5966211898
29.800000,0.9734389893,0.6126863278,0.5964127597
29.850000,0.9735463093,0.6124049638,0.5962045923
29.900000,0.9736530423,0.6121243024,0.5959966892
29.950000,0.9737591922,0.6118443417,0.5957890519
30.000000,0.9738647631,0.6115650801,0.5955816818
30.050000,0.9739697590,0.6112865157,0.5953745804
30.100000,0.9740741838,0.6110086469,0.5951677490
30.150000,0.9741780414,0.6107314719,0.5949611891
30.200000,0.9742813356,0.6104549890,0.5947549020
30.250000,0.9743840705,0.6101791964,0.5945488891
30.300000,0.9744862497,0.6099040924,0.5943431517
30.350000,0.9745878770,0.6096296754,0.5941376911
30.400000,0.9746889562,0.6093559435,0.5939325085
30.450000,0.9747894911,0.6090828951,0.5937276053
30.500000,0.9748894852,0.6088105284,0.5935229827
30.550000,0.9749889424,0.6085388419,0.5933186418
30.600000,0.9750878661,0.6082678337,0.5931145839
30.650000,0.9751862600,0.6079975021,0.5929108102
30.700000,0.9752841277,0.6077278456,0.5927073218
30.750000,0.9753814727,0.6074588623,0.5925041198
30.800000,0.9754782986,0.6071905507,0.5923012053
30.850000,0.9755746088,0.6069229090,0.5920985795
30.900000,0.9756704067,0.6066559356,0.5918962434
30.950000,0.9757656959,0.6063896288,0.5916941981
31.000000,0.9758604797,0.6061239869,0.5914924446
31.050000,0.9759547615,0.6058590083,0.5912909839
31.100000,0.9760485446,0.6055946913,0.5910898171
31.150000,0.9761418324,0.6053310343,0.5908889450
31.200000,0.9762346281,0.6050680356,0.5906883687
31.250000,0.9763269350,0.6048056936,0.5904880891
31.300000,0.9764187564,0.6045440066,0.5902881071
31.350000,0.9765100955,0.6042829730,0.5900884237
31.400000,0.9766009555,0.6040225912,0.5898890397
31.450000,0.9766913395,0.6037628595,0.5896899560
31.500000,0.9767812507,0.6035037763,0.5894911735
31.550000,0.9768706922,0.6032453401,0.5892926929
31.600000,0.9769596670,0.6029875491,0.5890945152
31.650000,0.9770481784,0.6027304018,0.5888966411
31.700000,0.9771362292,0.6024738966,0.5886990715
31.750000,0.9772238225,0.6022180318,0.5885018070
31.800000,0.9773109613,0.6019628059,0.5883048485
31.850000,0.9773976486,0.6017082172,0.5881081967
31.900000,0.9774838873,0.6014542643,0.5879118523
31.950000,0.9775696804,0.6012009454,0.5877158160
32.000000,0.9776550307,0.6009482590,0.5875200886
32.050000,0.9777399411,0.6006962036,0.5873246707
32.100000,0.9778244146,0.6004447775,0.5871295630
32.150000,0.9779084538,0.6001939791,0.5869347661
32.200000,0.9779920617,0.5999438070,0.5867402807
32.250000,0.9780752409,0.5996942596,0.5865461074
32.300000,0.9781579944,0.5994453352,0.5863522469
32.350000,0.9782403248,0.5991970324,0.5861586996
32.400000,0.9783222348,0.5989493495,0.5859654662
32.450000,0.9784037273,0.5987022851,0.5857725473
32.500000,0.9784848047,0.5984558376,0.5855799434
32.550000,0.9785654698,0.5982100054,0.5853876550
32.600000,0.9786457253,0.5979647871,0.5851956828
32.650000,0.9787255738,0.5977201810,0.5850040271
32.700000,0.9788050178,0.5974761856,0.5848126885
32.750000,0.9788840600,0.5972327995,0.5846216676
32.800000,0.9789627029,0.5969900211,0.5844309647
32.850000,0.9790409490,0.5967478489,0.5842405803
32.900000,0.9791188009,0.5965062814,0.5840505150
32.950000,0.9791962611,0.5962653170,0.5838607690
33.000000,0.9792733320,0.5960249543,0.5836713430
33.050000,0.9793500162,0.5957851918,0.5834822372
33.100000,0.9794263160,0.5955460279,0.5832934521
33.150000,0.9795022339,0.5953074611,0.5831049880
33.200000,0.9795777724,0.5950694901,0.5829168455
33.250000,0.9796529337,0.5948321132,0.5827290247
33.300000,0.9797277203,0.5945953290,0.5825415262
33.350000,0.9798021345,0.5943591360,0.5823543501
33.400000,0.9798761786,0.5941235328,0.5821674970
33.450000,0.9799498551,0.5938885179,0.5819809670
33.500000,0.9800231661,0.5936540897,0.5817947606
33.550000,0.9800961140,0.5934202469,0.5816088780
33.600000,0.9801687010,0.5931869880,0.5814233195
33.650000,0.9802409294,0.5929543115,0.5812380854
33.700000,0.9803128014,0.5927222160,0.5810531760
33.750000,0.9803843192,0.5924907000,0.5808685915
33.800000,0.9804554850,0.5922597620,0.5806843322
33.850000,0.9805263011,0.5920294007,0.5805003984
33.900000,0.9805967695,0.5917996145,0.5803167902
33.950000,0.9806668925,0.5915704021,0.5801335079
34.000000,0.9807366721,0.5913417620,0.5799505518
34.050000,0.9808061105,0.5911136928,0.5797679219
34.100000,0.9808752098,0.5908861931,0.5795856186
34.150000,0.9809439720,0.5906592614,0.5794036420
34.200000,0.9810123993,0.5904328963,0.5792219922
34.250000,0.9810804937,0.5902070964,0.5790406695
34.300000,0.9811482572,0.5899818604,0.5788596741
34.350000,0.9812156919,0.5897571867,0.5786790060
34.400000,0.9812827998,0.5895330740,0.5784986654
34.450000,0.9813495828,0.5893095208,0.5783186524
34.500000,0.9814160430,0.5890865259,0.5781389672
34.550000,0.9814821823,0.5888640877,0.5779596099
34.600000,0.9815480027,0.5886422050,0.5777805806
34.650000,0.9816135061,0.5884208762,0.5776018794
34.700000,0.9816786944,0.5882001001,0.5774235064
34.750000,0.9817435696,0.5879798753,0.5772454616
34.800000,0.9818081335,0.5877602003,0.5770677452
34.850000,0.9818723881,0.5875410738,0.5768903573
34.900000,0.9819363351,0.5873224945,0.5767132978
34.950000,0.9819999765,0.5871044609,0.5765365668
35.000000,0.9820633141,0.5868869717,0.5763601645
35.050000,0.9821263497,0.5866700256,0.5761840907
35.100000,0.9821890851,0.5864536211,0.5760083456
35.150000,0.9822515222,0.5862377570,0.5758329292
35.200000,0.9823136627,0.5860224319,0.5756578415
35.250000,0.9823755084,0.5858076444,0.5754830825
35.300000,0.9824370611,0.5855933932,0.5753086522
35.350000,0.9824983224,0.5853796770,0.5751345506
35.400000,0.9825592942,0.5851664944,0.5749607778
35.450000,0.9826199782,0.5849538441,0.5747873336
35.500000,0.9826803761,0.5847417247,0.5746142180
35.550000,0.9827404896,0.5845301350,0.5744414311
35.600000,0.9828003203,0.5843190736,0.5742689727
35.650000,0.9828598700,0.5841085392,0.5740968429
35.700000,0.9829191403,0.5838985305,0.5739250416
35.750000,0.9829781329,0.5836890461,0.5737535688
35.800000,0.9830368494,0.5834800848,0.5735824243
35.850000,0.9830952914,0.5832716453,0.5734116081
35.900000,0.9831534606,0.5830637262,0.5732411202
35.950000,0.9832113586,0.5828563262,0.5730709604
36.000000,0.9832689869,0.5826494441,0.5729011286
36.050000,0.9833263472,0.5824430786,0.5727316249
36.100000,0.9833834409,0.5822372283,0.5725624490
36.150000,0.9834402698,0.5820318920,0.5723936009
36.200000,0.9834968352,0.5818270684,0.5722250804
36.250000,0.9835531388,0.5816227562,0.5720568875
36.300000,0.9836091822,0.5814189542,0.5718890220
36.350000,0.9836649667,0.5812156610,0.5717214838
36.400000,0.9837204939,0.5810128755,0.5715542728
36.450000,0.9837757654,0.5808105962,0.5713873888
36.500000,0.9838307825,0.5806088221,0.5712208317
36.550000,0.9838855468,0.5804075517,0.5710546014
36.600000,0.9839400597,0.5802067839,0.5708886976
36.650000,0.9839943228,0.5800065174,0.5707231203
36.700000,0.9840483374,0.5798067509,0.5705578692
36.750000,0.9841021049,0.5796074832,0.5703929442
36.800000,0.9841556268,0.5794087131,0.5702283452
36.850000,0.9842089046,0.5792104392,0.5700640719
36.900000,0.9842619395,0.5790126604,0.5699001242
36.950000,0.9843147331,0.5788153755,0.5697365018
37.000000,0.9843672866,0.5786185832,0.5695732047
37.050000,0.9844196016,0.5784222822,0.5694102326
37.100000,0.9844716792,0.5782264713,0.5692475852
37.150000,0.9845235210,0.5780311494,0.5690852625
37.200000,0.9845751282,0.5778363152,0.5689232641
37.250000,0.9846265021,0.5776419674,0.5687615899
37.300000,0.9846776442,0.5774481049,0.5686002396
37.350000,0.9847285557,0.5772547265,0.5684392131
37.400000,0.9847792380,0.5770618309,0.5682785101
37.450000,0.9848296922,0.5768694169,0.5681181304
37.500000,0.9848799199,0.5766774834,0.5679580737
37.550000,0.9849299221,0.5764860291,0.5677983398
37.600000,0.9849797002,0.5762950529,0.5676389284
37.650000,0.9850292555,0.5761045535,0.5674798394
37.700000,0.9850785892,0.5759145297,0.5673210724
37.750000,0.9851277025,0.5757249804,0.5671626273
37.800000,0.9851765968,0.5755359044,0.5670045037
37.850000,0.9852252732,0.5753473005,0.5668467013
37.900000,0.9852737330,0.5751591675,0.5666892200
37.950000,0.9853219773,0.5749715043,0.5665320595
38.000000,0.9853700075,0.5747843096,0.5663752195
38.050000,0.9854178246,0.5745975823,0.5662186996
38.100000,0.9854654299,0.5744113213,0.5660624997
38.150000,0.9855128245,0.5742255253,0.5659066194
38.200000,0.9855600097,0.5740401933,0.5657510585
38.250000,0.9856069866,0.5738553240,0.5655958166
38.300000,0.9856537564,0.5736709163,0.5654408936
38.350000,0.9857003202,0.5734869690,0.5652862890
38.400000,0.9857466791,0.5733034811,0.5651320026
38.450000,0.9857928343,0.5731204512,0.5649780340
38.500000,0.9858387870,0.5729378784,0.5648243831
38.550000,0.9858845382,0.5727557615,0.5646710494
38.600000,0.9859300890,0.5725740992,0.5645180326
38.650000,0.9859754407,0.5723928906,0.5643653325
38.700000,0.9860205941,0.5722121344,0.5642129487
38.750000,0.9860655506,0.5720318296,0.5640608810
38.800000,0.9861103111,0.5718519749,0.5639091288
38.850000,0.9861548767,0.5716725693,0.5637576921
38.900000,0.9861992484,0.5714936117,0.5636065703
38.950000,0.9862434275,0.5713151009,0.5634557633
39.000000,0.9862874148,0.5711370358,0.5633052705
39.050000,0.9863312115,0.5709594153,0.5631550918
39.100000,0.9863748186,0.5707822383,0.5630052268
39.150000,0.9864182372,0.5706055038,0.5628556751
39.200000,0.9864614682,0.5704292105,0.5627064364
39.250000,0.9865045126,0.5702533573,0.5625575104
39.300000,0.9865473716,0.5700779433,0.5624088966
39.350000,0.9865900461,0.5699029673,0.5622605947
39.400000,0.9866325371,0.5697284281,0.5621126045
39.450000,0.9866748456,0.5695543248,0.5619649254
39.500000,0.9867169725,0.5693806561,0.5618175572
39.550000,0.9867589190,0.5692074211,0.5616704995
39.600000,0.9868006859,0.5690346187,0.5615237520
39.650000,0.9868422742,0.5688622477,0.5613773142
39.700000,0.9868836849,0.5686903071,0.5612311858
39.750000,0.9869249190,0.5685187958,0.5610853664
39.800000,0.9869659773,0.5683477127,0.5609398557
39.850000,0.9870068609,0.5681770568,0.5607946533
39.900000,0.9870475706,0.5680068271,0.5606497588
39.950000,0.9870881074,0.5678370224,0.5605051717
40.000000,0.9871284723,0.5676676416,0.5603608919
40.050000,0.9871686661,0.5674986838,0.5602169187
40.100000,0.9872086898,0.5673301478,0.5600732520
40.150000,0.9872485443,0.5671620327,0.5599298912
40.200000,0.9872882304,0.5669943373,0.5597868360
40.250000,0.9873277491,0.5668270607,0.5596440860
40.300000,0.9873671013,0.5666602017,0.5595016408
40.350000,0.9874062878,0.5664937593,0.5593595000
40.400000,0.9874453096,0.5663277325,0.5592176632
40.450000,0.9874841674,0.5661621203,0.5590761300
40.500000,0.9875228622,0.5659969216,0.5589349000
40.550000,0.9875613949,0.5658321354,0.5587939729
40.600000,0.9875997662,0.5656677606,0.5586533481
40.650000,0.9876379771,0.5655037962,0.5585130253
40.700000,0.9876760284,0.5653402413,0.5583730041
40.750000,0.9877139208,0.5651770947,0.5582332841
40.800000,0.9877516554,0.5650143554,0.5580938649
40.850000,0.9877892329,0.5648520226,0.5579547460
40.900000,0.9878266540,0.5646900950,0.5578159271
40.950000,0.9878639198,0.5645285717,0.5576774077
41.000000,0.9879010308,0.5643674518,0.5575391874
41.050000,0.9879379881,0.5642067341,0.5574012658
41.100000,0.9879747923,0.5640464178,0.5572636424
41.150000,0.9880114442,0.5638865017,0.5571263170
41.200000,0.9880479448,0.5637269849,0.5569892889
41.250000,0.9880842947,0.5635678665,0.5568525578
41.300000,0.9881204947,0.5634091453,0.5567161234
41.350000,0.9881565456,0.5632508204,0.5565799850
41.400000,0.9881924483,0.5630928909,0.5564441424
41.450000,0.9882282033,0.5629353556,0.5563085951
41.500000,0.9882638117,0.5627782137,0.5561733426
41.550000,0.9882992739,0.5626214642,0.5560383846
41.600000,0.9883345910,0.5624651061,0.5559037206
41.650000,0.9883697635,0.5623091384,0.5557693501
41.700000,0.9884047923,0.5621535601,0.5556352728
41.750000,0.9884396780,0.5619983703,0.5555014881
41.800000,0.9884744215,0.5618435679,0.5553679957
41.850000,0.9885090233,0.5616891521,0.5552347952
41.900000,0.9885434844,0.5615351218,0.5551018860
41.950000,0.9885778054,0.5613814762,0.5549692677
42.000000,0.9886119870,0.5612282141,0.5548369399
42.050000,0.9886460299,0.5610753348,0.5547049022
42.100000,0.9886799348,0.5609228371,0.5545731541
42.150000,0.9887137025,0.5607707203,0.5544416951
42.200000,0.9887473337,0.5606189832,0.5543105249
42.250000,0.9887808289,0.5604676250,0.5541796429
42.300000,0.9888141891,0.5603166448,0.5540490487
42.350000,0.9888474147,0.5601660415,0.5539187419
42.400000,0.9888805065,0.5600158143,0.5537887221
42.450000,0.9889134653,0.5598659621,0.5536589887
42.500000,0.9889462916,0.5597164841,0.5535295413
42.550000,0.9889789861,0.5595673794,0.5534003795
42.600000,0.9890115495,0.5594186469,0.5532715028
42.650000,0.9890439825,0.5592702858,0.5531429108
42.700000,0.9890762857,0.5591222952,0.5530146030
42.750000,0.9891084598,0.5589746741,0.5528865789
42.800000,0.9891405054,0.5588274215,0.5527588381
42.850000,0.9891724232,0.5586805366,0.5526313802
42.900000,0.9892042138,0.5585340185,0.5525042047
42.950000,0.9892358779,0.5583878662,0.5523773110
43.000000,0.9892674160,0.5582420789,0.5522506989
43.050000,0.9892988289,0.5580966555,0.5521243677
43.100000,0.9893301171,0.5579515953,0.5519983171
43.150000,0.9893612814,0.5578068973,0.5518725466
43.200000,0.9893923222,0.5576625605,0.5517470557
43.250000,0.9894232402,0.5575185842,0.5516218440
43.300000,0.9894540361,0.5573749673,0.5514969110
43.350000,0.9894847103,0.5572317090,0.5513722562
43.400000,0.9895152637,0.5570888085,0.5512478792
43.450000,0.9895456966,0.5569462647,0.5511237795
43.500000,0.9895760099,0.5568040768,0.5509999566
43.550000,0.9896062039,0.5566622440,0.5508764102
43.600000,0.9896362794,0.5565207653,0.5507531396
43.650000,0.9896662369,0.5563796399,0.5506301445
43.700000,0.9896960770,0.5562388668,0.5505074243
43.750000,0.9897258002,0.5560984453,0.5503849787
43.800000,0.9897554072,0.5559583743,0.5502628072
43.850000,0.9897848986,0.5558186531,0.5501409092
43.900000,0.9898142748,0.5556792808,0.5500192843
43.950000,0.9898435366,0.5555402564,0.5498979321
44.000000,0.9898726843,0.5554015792,0.5497768520
44.050000,0.9899017186,0.5552632482,0.5496560437
44.100000,0.9899306401,0.5551252627,0.5495355066
44.150000,0.9899594493,0.5549876216,0.5494152403
44.200000,0.9899881467,0.5548503243,0.5492952442
44.250000,0.9900167329,0.5547133697,0.5491755180
44.300000,0.9900452085,0.5545767571,0.5490560611
44.350000,0.9900735739,0.5544404856,0.5489368732
44.400000,0.9901018298,0.5543045544,0.5488179536
44.450000,0.9901299766,0.5541689626,0.5486993020
44.500000,0.9901580149,0.5540337093,0.5485809178
44.550000,0.9901859452,0.5538987938,0.5484628007
44.600000,0.9902137681,0.5537642151,0.5483449500
44.650000,0.9902414840,0.5536299724,0.5482273654
44.700000,0.9902690935,0.5534960649,0.5481100464
44.750000,0.9902965970,0.5533624918,0.5479929926
44.800000,0.9903239952,0.5532292522,0.5478762033
44.850000,0.9903512885,0.5530963453,0.5477596782
44.900000,0.9903784774,0.5529637702,0.5476434168
44.950000,0.9904055624,0.5528315261,0.5475274186
45.000000,0.9904325441,0.5526996123,0.5474116831
45.050000,0.9904594229,0.5525680278,0.5472962099
45.100000,0.9904861993,0.5524367719,0.5471809985
45.150000,0.9905128738,0.5523058437,0.5470660484
45.200000,0.9905394469,0.5521752424,0.5469513592
45.250000,0.9905659191,0.5520449672,0.5468369303
45.300000,0.9905922908,0.5519150173,0.5467227613
45.350000,0.9906185626,0.5517853918,0.5466088517
45.400000,0.9906447350,0.5516560900,0.5464952011
45.450000,0.9906708083,0.5515271111,0.5463818090
45.500000,0.9906967831,0.5513984542,0.5462686748
45.550000,0.9907226599,0.5512701186,0.5461557982
45.600000,0.9907484390,0.5511421034,0.5460431786
45.650000,0.9907741211,0.5510144078,0.5459308156
45.700000,0.9907997065,0.5508870311,0.5458187087
45.750000,0.9908251957,0.5507599724,0.5457068574
45.800000,0.9908505891,0.5506332309,0.5455952612
45.850000,0.9908758872,0.5505068059,0.5454839198
45.900000,0.9909010905,0.5503806966,0.5453728325
45.950000,0.9909261994,0.5502549022,0.5452619990
46.000000,0.9909512144,0.5501294219,0.5451514187
46.050000,0.9909761359,0.5500042548,0.5450410912
46.100000,0.9910009643,0.5498794003,0.5449310159
46.150000,0.9910257000,0.5497548576,0.5448211926
46.200000,0.9910503436,0.5496306258,0.5447116205
46.250000,0.9910748954,0.5495067042,0.5446022994
46.300000,0.9910993559,0.5493830920,0.5444932286
46.350000,0.9911237255,0.5492597885,0.5443844078
46.400000,0.9911480047,0.5491367928,0.5442758365
46.450000,0.9911721938,0.5490141042,0.5441675141
46.500000,0.9911962933,0.5488917220,0.5440594403
46.550000,0.9912203035,0.5487696454,0.5439516145
46.600000,0.9912442250,0.5486478735,0.5438440362
46.650000,0.9912680581,0.5485264058,0.5437367051
46.700000,0.9912918033,0.5484052413,0.5436296205
46.750000,0.9913154609,0.5482843793,0.5435227822
46.800000,0.9913390313,0.5481638191,0.5434161894
46.850000,0.9913625150,0.5480435600,0.5433098419
46.900000,0.9913859124,0.5479236011,0.5432037392
46.950000,0.9914092238,0.5478039417,0.5430978807
47.000000,0.9914324497,0.5476845811,0.5429922659
47.050000,0.9914555905,0.5475655185,0.5428868945
47.100000,0.9914786465,0.5474467533,0.5427817660
47.150000,0.9915016182,0.5473282845,0.5426768798
47.200000,0.9915245059,0.5472101116,0.5425722355
47.250000,0.9915473100,0.5470922337,0.5424678327
47.300000,0.9915700309,0.5469746502,0.5423636708
47.350000,0.9915926690,0.5468573602,0.5422597494
47.400000,0.9916152246,0.5467403631,0.5421560680
47.450000,0.9916376983,0.5466236582,0.5420526262
47.500000,0.9916600902,0.5465072446,0.5419494235
47.550000,0.9916824009,0.5463911217,0.5418464594
47.600000,0.9917046306,0.5462752888,0.5417437334
47.650000,0.9917267797,0.5461597450,0.5416412451
47.700000,0.9917488487,0.5460444898,0.5415389941
47.750000,0.9917708378,0.5459295223,0.5414369798
47.800000,0.9917927475,0.5458148419,0.5413352017
47.850000,0.9918145781,0.5457004479,0.5412336595
47.900000,0.9918363300,0.5455863395,0.5411323526
47.950000,0.9918580035,0.5454725160,0.5410312806
48.000000,0.9918795989,0.5453589766,0.5409304430
48.050000,0.9919011167,0.5452457208,0.5408298394
48.100000,0.9919225572,0.5451327478,0.5407294692
48.150000,0.9919439207,0.5450200569,0.5406293320
48.200000,0.9919652076,0.5449076473,0.5405294274
48.250000,0.9919864182,0.5447955184,0.5404297549
48.300000,0.9920075529,0.5446836695,0.5403303140
48.350000,0.9920286120,0.5445720998,0.5402311043
48.400000,0.9920495959,0.5444608087,0.5401321253
48.450000,0.9920705049,0.5443497955,0.5400333765
48.500000,0.9920913393,0.5442390595,0.5399348575
48.550000,0.9921120995,0.5441286000,0.5398365677
48.600000,0.9921327858,0.5440184163,0.5397385069
48.650000,0.9921533985,0.5439085077,0.5396406744
48.700000,0.9921739380,0.5437988735,0.5395430698
48.750000,0.9921944046,0.5436895131,0.5394456928
48.800000,0.9922147987,0.5435804257,0.5393485427
48.850000,0.9922351204,0.5434716107,0.5392516191
48.900000,0.9922553703,0.5433630675,0.5391549217
48.950000,0.9922755485,0.5432547952,0.5390584499
49.000000,0.9922956554,0.5431467932,0.5389622032
49.050000,0.9923156914,0.5430390610,0.5388661813
49.100000,0.9923356567,0.5429315977,0.5387703836
49.150000,0.9923555517,0.5428244028,0.5386748097
49.200000,0.9923753767,0.5427174755,0.5385794592
49.250000,0.9923951319,0.5426108152,0.5384843315
49.300000,0.9924148177,0.5425044212,0.5383894263
49.350000,0.9924344345,0.5423982928,0.5382947430
49.400000,0.9924539824,0.5422924295,0.5382002813
49.450000,0.9924734618,0.5421868305,0.5381060406
49.500000,0.9924928731,0.5420814951,0.5380120206
49.550000,0.9925122165,0.5419764228,0.5379182207
49.600000,0.9925314923,0.5418716128,0.5378246405
49.650000,0.9925507008,0.5417670645,0.5377312795
49.700000,0.9925698423,0.5416627773,0.5376381374
49.750000,0.9925889171,0.5415587504,0.5375452136
49.800000,0.9926079255,0.5414549833,0.5374525077
49.850000,0.9926268678,0.5413514753,0.5373600193
49.900000,0.9926457443,0.5412482257,0.5372677479
49.950000,0.9926645553,0.5411452339,0.5371756930
50.000000,0.9926833010,0.5410424993,0.5370838542
50.050000,0.9927019817,0.5409400212,0.5369922311
50.100000,0.9927205978,0.5408377990,0.5369008231
50.150000,0.9927391495,0.5407358320,0.5368096300
50.200000,0.9927576371,0.5406341196,0.5367186511
50.250000,0.9927760608,0.5405326612,0.5366278861
50.300000,0.9927944210,0.5404314561,0.5365373345
50.350000,0.9928127179,0.5403305037,0.5364469959
50.400000,0.9928309518,0.5402298034,0.5363568699
50.450000,0.9928491230,0.5401293545,0.5362669559
50.500000,0.9928672317,0.5400291564,0.5361772535
50.550000,0.9928852782,0.5399292085,0.5360877624
50.600000,0.9929032628,0.5398295101,0.5359984820
50.650000,0.9929211858,0.5397300607,0.5359094119
50.700000,0.9929390474,0.5396308596,0.5358205517
50.750000,0.9929568479,0.5395319062,0.5357319009
50.800000,0.9929745875,0.5394331999,0.5356434591
50.850000,0.9929922665,0.5393347400,0.5355552259
50.900000,0.9930098852,0.5392365260,0.5354672008
50.950000,0.9930274439,0.5391385572,0.5353793833
51.000000,0.9930449427,0.5390408330,0.5352917731
51.050000,0.9930623820,0.5389433528,0.5352043697
51.100000,0.9930797620,0.5388461160,0.5351171726
51.150000,0.9930970829,0.5387491220,0.5350301815
51.200000,0.9931143450,0.5386523702,0.5349433959
51.250000,0.9931315487,0.5385558600,0.5348568153
51.300000,0.9931486940,0.5384595907,0.5347704393
51.350000,0.9931657813,0.5383635618,0.5346842675
51.400000,0.9931828108,0.5382677727,0.5345982994
51.450000,0.9931997827,0.5381722228,0.5345125347
51.500000,0.9932166974,0.5380769114,0.5344269729
51.550000,0.9932335550,0.5379818380,0.5343416135
51.600000,0.9932503558,0.5378870020,0.5342564561
51.650000,0.9932671000,0.5377924028,0.5341715003
51.700000,0.9932837879,0.5376980398,0.5340867457
51.750000,0.9933004197,0.5376039124,0.5340021918
51.800000,0.9933169956,0.5375100200,0.5339178382
51.850000,0.9933335160,0.5374163621,0.5338336845
51.900000,0.9933499809,0.5373229380,0.5337497302
51.950000,0.9933663907,0.5372297472,0.5336659750
52.000000,0.9933827456,0.5371367891,0.5335824183
52.050000,0.9933990458,0.5370440631,0.5334990599
52.100000,0.9934152916,0.5369515686,0.5334158991
52.150000,0.9934314832,0.5368593051,0.5333329357
52.200000,0.9934476207,0.5367672719,0.5332501691
52.250000,0.9934637045,0.5366754685,0.5331675991
52.300000,0.9934797348,0.5365838943,0.5330852250
52.350000,0.9934957117,0.5364925488,0.5330030466
52.400000,0.9935116356,0.5364014314,0.5329210634
52.450000,0.9935275065,0.5363105415,0.5328392750
52.500000,0.9935433249,0.5362198785,0.5327576810
52.550000,0.9935590908,0.5361294419,0.5326762809
52.600000,0.9935748045,0.5360392311,0.5325950743
52.650000,0.9935904662,0.5359492456,0.5325140608
52.700000,0.9936060762,0.5358594847,0.5324332400
52.750000,0.9936216346,0.5357699480,0.5323526115
52.800000,0.9936371416,0.5356806348,0.5322721748
52.850000,0.9936525976,0.5355915446,0.5321919295
52.900000,0.9936680026,0.5355026769,0.5321118753
52.950000,0.9936833569,0.5354140310,0.5320320117
53.000000,0.9936986607,0.5353256065,0.5319523383
53.050000,0.9937139143,0.5352374028,0.5318728546
53.100000,0.9937291177,0.5351494193,0.5317935603
53.150000,0.9937442713,0.5350616555,0.5317144550
53.200000,0.9937593753,0.5349741109,0.5316355382
53.250000,0.9937744298,0.5348867848,0.5315568096
53.300000,0.9937894350,0.5347996768,0.5314782686
53.350000,0.9938043912,0.5347127862,0.5313999150
53.400000,0.9938192986,0.5346261127,0.5313217483
53.450000,0.9938341573,0.5345396555,0.5312437680
53.500000,0.9938489675,0.5344534142,0.5311659739
53.550000,0.9938637296,0.5343673882,0.5310883654
53.600000,0.9938784436,0.5342815771,0.5310109422
53.650000,0.9938931097,0.5341959802,0.5309337039
53.700000,0.9939077282,0.5341105970,0.5308566501
53.750000,0.9939222992,0.5340254270,0.5307797802
53.800000,0.9939368230,0.5339404697,0.5307030941
53.850000,0.9939512997,0.5338557245,0.5306265912
53.900000,0.9939657295,0.5337711909,0.5305502711
53.950000,0.9939801126,0.5336868684,0.5304741335
54.000000,0.9939944493,0.5336027564,0.5303981780
54.050000,0.9940087396,0.5335188544,0.5303224040
54.100000,0.9940229839,0.5334351619,0.5302468114
54.150000,0.9940371822,0.5333516784,0.5301713995
54.200000,0.9940513347,0.5332684034,0.5300961681
54.250000,0.9940654417,0.5331853362,0.5300211168
54.300000,0.9940795034,0.5331024765,0.5299462451
54.350000,0.9940935198,0.5330198237,0.5298715527
54.400000,0.9941074913,0.5329373772,0.5297970391
54.450000,0.9941214179,0.5328551366,0.5297227040
54.500000,0.9941352999,0.5327731014,0.5296485469
54.550000,0.9941491375,0.5326912709,0.5295745675
54.600000,0.9941629308,0.5326096448,0.5295007655
54.650000,0.9941766799,0.5325282225,0.5294271403
54.700000,0.9941903852,0.5324470036,0.5293536915
54.750000,0.9942040467,0.5323659874,0.5292804189
54.800000,0.9942176646,0.5322851734,0.5292073221
54.850000,0.9942312392,0.5322045613,0.5291344005
54.900000,0.9942447705,0.5321241505,0.5290616539
54.950000,0.9942582588,0.5320439404,0.5289890818
55.000000,0.9942717042,0.5319639306,0.5289166838
55.050000,0.9942851069,0.5318841206,0.5288444597
55.100000,0.9942984671,0.5318045098,0.5287724089
55.150000,0.9943117849,0.5317250979,0.5287005311
55.200000,0.9943250606,0.5316458842,0.5286288260
55.250000,0.9943382942,0.5315668683,0.5285572931
55.300000,0.9943514860,0.5314880497,0.5284859320
55.350000,0.9943646360,0.5314094279,0.5284147423
55.400000,0.9943777446,0.5313310024,0.5283437238
55.450000,0.9943908118,0.5312527727,0.5282728759
55.500000,0.9944038379,0.5311747383,0.5282021984
55.550000,0.9944168229,0.5310968988,0.5281316908
55.600000,0.9944297670,0.5310192537,0.5280613527
55.650000,0.9944426705,0.5309418024,0.5279911838
55.700000,0.9944555334,0.5308645445,0.5279211838
55.750000,0.9944683559,0.5307874795,0.5278513521
55.800000,0.9944811382,0.5307106070,0.5277816885
55.850000,0.9944938805,0.5306339263,0.5277121925
55.900000,0.9945065828,0.5305574372,0.5276428638
55.950000,0.9945192454,0.5304811390,0.5275737021
56.000000,0.9945318685,0.5304050313,0.5275047068
56.050000,0.9945444521,0.5303291137,0.5274358778
56.100000,0.9945569964,0.5302533856,0.5273672145
56.150000,0.9945695016,0.5301778466,0.5272987166
56.200000,0.9945819679,0.5301024962,0.5272303838
56.250000,0.9945943953,0.5300273339,0.5271622157
56.300000,0.9946067841,0.5299523594,0.5270942119
56.350000,0.9946191343,0.5298775720,0.5270263720
56.400000,0.9946314463,0.5298029714,0.5269586956
56.450000,0.9946437200,0.5297285570,0.5268911825
56.500000,0.9946559556,0.5296543284,0.5268238322
56.550000,0.9946681534,0.5295802852,0.5267566443
56.600000,0.9946803134,0.5295064268,0.5266896186
56.650000,0.9946924358,0.5294327529,0.5266227545
56.700000,0.9947045207,0.5293592629,0.5265560519
56.750000,0.9947165683,0.5292859564,0.5264895102
56.800000,0.9947285787,0.5292128330,0.5264231292
56.850000,0.9947405521,0.5291398921,0.5263569084
56.900000,0.9947524886,0.5290671334,0.5262908476
56.950000,0.9947643884,0.5289945563,0.5262249462
57.000000,0.9947762516,0.5289221604,0.5261592041
57.050000,0.9947880783,0.5288499453,0.5260936208
57.100000,0.9947998687,0.5287779106,0.5260281960
57.150000,0.9948116229,0.5287060556,0.5259629293
57.200000,0.9948233411,0.5286343801,0.5258978203
57.250000,0.9948350234,0.5285628836,0.5258328687
57.300000,0.9948466700,0.5284915656,0.5257680741
57.350000,0.9948582809,0.5284204256,0.5257034362
57.400000,0.9948698564,0.5283494633,0.5256389546
57.450000,0.9948813965,0.5282786781,0.5255746290
57.500000,0.9948929014,0.5282080698,0.5255104590
57.550000,0.9949043712,0.5281376377,0.5254464443
57.600000,0.9949158061,0.5280673814,0.5253825845
57.650000,0.9949272062,0.5279973006,0.5253188792
57.700000,0.9949385716,0.5279273948,0.5252553281
57.750000,0.9949499025,0.5278576635,0.5251919308
57.800000,0.9949611990,0.5277881063,0.5251286871
57.850000,0.9949724612,0.5277187228,0.5250655965
57.900000,0.9949836893,0.5276495125,0.5250026587
57.950000,0.9949948834,0.5275804751,0.5249398733
58.000000,0.9950060436,0.5275116100,0.5248772400
58.050000,0.9950171700,0.5274429169,0.5248147585
58.100000,0.9950282628,0.5273743953,0.5247524284
58.150000,0.9950393222,0.5273060448,0.5246902494
58.200000,0.9950503481,0.5272378649,0.5246282211
58.250000,0.9950613409,0.5271698553,0.5245663431
58.300000,0.9950723005,0.5271020155,0.5245046152
58.350000,0.9950832271,0.5270343451,0.5244430369
58.400000,0.9950941209,0.5269668437,0.5243816080
58.450000,0.9951049819,0.5268995107,0.5243203281
58.500000,0.9951158104,0.5268323460,0.5242591969
58.550000,0.9951266063,0.5267653489,0.5241982139
58.600000,0.9951373699,0.5266985191,0.5241373790
58.650000,0.9951481012,0.5266318561,0.5240766917
58.700000,0.9951588004,0.5265653597,0.5240161517
58.750000,0.9951694676,0.5264990292,0.5239557586
58.800000,0.9951801030,0.5264328644,0.5238955122
58.850000,0.9951907065,0.5263668647,0.5238354120
58.900000,0.9952012785,0.5263010299,0.5237754578
58.950000,0.9952118189,0.5262353595,0.5237156492
59.000000,0.9952223279,0.5261698530,0.5236559860
59.050000,0.9952328056,0.5261045101,0.5235964676
59.100000,0.9952432522,0.5260393303,0.5235370939
59.150000,0.9952536677,0.5259743133,0.5234778644
59.200000,0.9952640523,0.5259094586,0.5234187789
59.250000,0.9952744061,0.5258447658,0.5233598370
59.300000,0.9952847292,0.5257802346,0.5233010384
59.350000,0.9952950217,0.5257158645,0.5232423828
59.400000,0.9953052837,0.5256516552,0.5231838698
59.450000,0.9953155154,0.5255876061,0.5231254991
59.500000,0.9953257168,0.5255237170,0.5230672703
59.550000,0.9953358881,0.5254599874,0.5230091832
59.600000,0.9953460294,0.5253964169,0.5229512374
59.650000,0.9953561407,0.5253330052,0.5228934326
59.700000,0.9953662223,0.5252697518,0.5228357685
59.750000,0.9953762742,0.5252066563,0.5227782447
59.800000,0.9953862965,0.5251437184,0.5227208609
59.850000,0.9953962893,0.5250809376,0.5226636169
59.900000,0.9954062528,0.5250183135,0.5226065122
59.950000,0.9954161871,0.5249558459,0.5225495465
60.000000,0.9954260922,0.5248935342,0.5224927195
60.050000,0.9954359683,0.5248313781,0.5224360310
60.100000,0.9954458154,0.5247693772,0.5223794806
60.150000,0.9954556338,0.5247075311,0.5223230679
60.200000,0.9954654234,0.5246458394,0.5222667926
60.250000,0.9954751844,0.5245843017,0.5222106545
60.300000,0.9954849170,0.5245229177,0.5221546532
60.350000,0.9954946211,0.5244616870,0.5220987884
60.400000,0.9955042969,0.5244006092,0.5220430598
60.450000,0.9955139446,0.5243396838,0.5219874670
60.500000,0.9955235642,0.5242789106,0.5219320097
60.550000,0.9955331558,0.5242182892,0.5218766877
60.600000,0.9955427195,0.5241578191,0.5218215007
60.650000,0.9955522555,0.5240974999,0.5217664482
60.700000,0.9955617638,0.5240373314,0.5217115300
60.750000,0.9955712445,0.5239773132,0.5216567458
60.800000,0.9955806978,0.5239174447,0.5216020952
60.850000,0.9955901237,0.5238577258,0.5215475780
60.900000,0.9955995223,0.5237981560,0.5214931939
60.950000,0.9956088937,0.5237387349,0.5214389425
61.000000,0.9956182381,0.5236794622,0.5213848235
61.050000,0.9956275555,0.5236203375,0.5213308366
61.100000,0.9956368461,0.5235613604,0.5212769816
61.150000,0.9956461098,0.5235025306,0.5212232580
61.200000,0.9956553469,0.5234438476,0.5211696657
61.250000,0.9956645574,0.5233853112,0.5211162042
61.300000,0.9956737414,0.5233269209,0.5210628734
61.350000,0.9956828991,0.5232686765,0.5210096728
61.400000,0.9956920304,0.5232105774,0.5209566022
61.450000,0.9957011356,0.5231526235,0.5209036612
61.500000,0.9957102146,0.5230948142,0.5208508497
61.550000,0.9957192676,0.5230371493,0.5207981672
61.600000,0.9957282948,0.5229796283,0.5207456135
61.650000,0.9957372961,0.5229222510,0.5206931883
61.700000,0.9957462717,0.5228650170,0.5206408912
61.750000,0.9957552216,0.5228079258,0.5205887220
61.800000,0.9957641460,0.5227509772,0.5205366804
61.850000,0.9957730450,0.5226941708,0.5204847660
61.900000,0.9957819186,0.5226375062,0.5204329787
61.950000,0.9957907669,0.5225809831,0.5203813180
62.000000,0.9957995901,0.5225246012,0.5203297837
62.050000,0.9958083881,0.5224683600,0.5202783754
62.100000,0.9958171612,0.5224122593,0.5202270930
62.150000,0.9958259094,0.5223562986,0.5201759361
62.200000,0.9958346327,0.5223004777,0.5201249044
62.250000,0.9958433314,0.5222447961,0.5200739975
62.300000,0.9958520054,0.5221892536,0.5200232153
62.350000,0.9958606548,0.5221338497,0.5199725575
62.400000,0.9958692798,0.5220785842,0.5199220236
62.450000,0.9958778804,0.5220234567,0.5198716136
62.500000,0.9958864567,0.5219684668,0.5198213269
62.550000,0.9958950088,0.5219136142,0.5197711634
62.600000,0.9959035368,0.5218588986,0.5197211228
62.650000,0.9959120408,0.5218043196,0.5196712048
62.700000,0.9959205208,0.5217498769,0.5196214091
62.750000,0.9959289769,0.5216955701,0.5195717354
62.800000,0.9959374093,0.5216413990,0.5195221835
62.850000,0.9959458180,0.5215873630,0.5194727529
62.900000,0.9959542031,0.5215334620,0.5194234436
62.950000,0.9959625647,0.5214796956,0.5193742551
63.000000,0.9959709028,0.5214260634,0.5193251871
63.050000,0.9959792176,0.5213725652,0.5192762395
63.100000,0.9959875091,0.5213192005,0.5192274119
63.150000,0.9959957774,0.5212659691,0.5191787041
63.200000,0.9960040226,0.5212128705,0.5191301157
63.250000,0.9960122447,0.5211599046,0.5190816464
63.300000,0.9960204439,0.5211070709,0.5190332961
63.350000,0.9960286203,0.5210543691,0.5189850644
63.400000,0.9960367739,0.5210017990,0.5189369510
63.450000,0.9960449047,0.5209493600,0.5188889557
63.500000,0.9960530129,0.5208970520,0.5188410781
63.550000,0.9960610986,0.5208448747,0.5187933181
63.600000,0.9960691619,0.5207928276,0.5187456752
63.650000,0.9960772027,0.5207409104,0.5186981494
63.700000,0.9960852212,0.5206891229,0.5186507402
63.750000,0.9960932175,0.5206374647,0.5186034474
63.800000,0.9961011916,0.5205859355,0.5185562707
63.850000,0.9961091437,0.5205345349,0.5185092098
63.900000,0.9961170738,0.5204832627,0.5184622646
63.950000,0.9961249819,0.5204321185,0.5184154346
64.000000,0.9961328682,0.5203811020,0.5183687197
64.050000,0.9961407327,0.5203302129,0.5183221195
64.100000,0.9961485755,0.5202794508,0.5182756338
64.150000,0.9961563967,0.5202288155,0.5182292623
64.200000,0.9961641964,0.5201783066,0.5181830048
64.250000,0.9961719746,0.5201279239,0.5181368610
64.300000,0.9961797314,0.5200776669,0.5180908305
64.350000,0.9961874669,0.5200275354,0.5180449132
64.400000,0.9961951811,0.5199775291,0.5179991088
64.450000,0.9962028742,0.5199276477,0.5179534170
64.500000,0.9962105462,0.5198778908,0.5179078375
64.550000,0.9962181971,0.5198282581,0.5178623701
64.600000,0.9962258271,0.5197787494,0.5178170145
64.650000,0.9962334362,0.5197293643,0.5177717705
64.700000,0.9962410245,0.5196801025,0.5177266377
64.750000,0.9962485921,0.5196309637,0.5176816159
64.800000,0.9962561390,0.5195819475,0.5176367049
64.850000,0.9962636653,0.5195330538,0.5175919044
64.900000,0.9962711711,0.5194842822,0.5175472141
64.950000,0.9962786564,0.5194356323,0.5175026338
65.000000,0.9962861213,0.5193871039,0.5174581632
65.050000,0.9962935660,0.5193386967,0.5174138021
65.100000,0.9963009904,0.5192904103,0.5173695501
65.150000,0.9963083946,0.5192422445,0.5173254071
65.200000,0.9963157787,0.5191941990,0.5172813727
65.250000,0.9963231428,0.5191462734,0.5172374467
65.300000,0.9963304869,0.5190984675,0.5171936289
65.350000,0.9963378111,0.5190507810,0.5171499190
65.400000,0.9963451155,0.5190032135,0.5171063167
65.450000,0.9963524001,0.5189557648,0.5170628219
65.500000,0.9963596651,0.5189084346,0.5170194341
65.550000,0.9963669104,0.5188612226,0.5169761532
65.600000,0.9963741361,0.5188141284,0.5169329790
65.650000,0.9963813424,0.5187671518,0.5168899111
65.700000,0.9963885292,0.5187202925,0.5168469494
65.750000,0.9963956967,0.5186735503,0.5168040935
65.800000,0.9964028449,0.5186269247,0.5167613432
65.850000,0.9964099738,0.5185804155,0.5167186983
65.900000,0.9964170836,0.5185340225,0.5166761585
65.950000,0.9964241743,0.5184877453,0.5166337235
66.000000,0.9964312459,0.5184415837,0.5165913932
66.050000,0.9964382986,0.5183955373,0.5165491672
66.100000,0.9964453323,0.5183496059,0.5165070453
66.150000,0.9964523473,0.5183037892,0.5164650273
66.200000,0.9964593434,0.5182580869,0.5164231130
66.250000,0.9964663208,0.5182124987,0.5163813020
66.300000,0.9964732796,0.5181670243,0.5163395941
66.350000,0.9964802198,0.5181216635,0.5162979891
66.400000,0.9964871415,0.5180764159,0.5162564867
66.450000,0.9964940447,0.5180312813,0.5162150868
66.500000,0.9965009295,0.5179862594,0.5161737889
66.550000,0.9965077960,0.5179413499,0.5161325930
66.600000,0.9965146442,0.5178965525,0.5160914988
66.650000,0.9965214741,0.5178518670,0.5160505059
66.700000,0.9965282859,0.5178072931,0.5160096142
66.750000,0.9965350797,0.5177628305,0.5159688235
66.800000,0.9965418553,0.5177184789,0.5159281335
66.850000,0.9965486131,0.5176742380,0.5158875439
66.900000,0.9965553529,0.5176301076,0.5158470545
66.950000,0.9965620748,0.5175860874,0.5158066651
67.000000,0.9965687790,0.5175421771,0.5157663754
67.050000,0.9965754654,0.5174983764,0.5157261853
67.100000,0.9965821341,0.5174546851,0.5156860944
67.150000,0.9965887853,0.5174111029,0.5156461025
67.200000,0.9965954188,0.5173676295,0.5156062094
67.250000,0.9966020349,0.5173242646,0.5155664148
67.300000,0.9966086336,0.5172810081,0.5155267186
67.350000,0.9966152148,0.5172378595,0.5154871205
67.400000,0.9966217787,0.5171948187,0.5154476201
67.450000,0.9966283254,0.5171518853,0.5154082174
67.500000,0.9966348549,0.5171090592,0.5153689121
67.550000,0.9966413672,0.5170663399,0.5153297039
67.600000,0.9966478624,0.5170237274,0.5152905927
67.650000,0.9966543405,0.5169812212,0.5152515781
67.700000,0.9966608017,0.5169388212,0.5152126599
67.750000,0.9966672460,0.5168965270,0.5151738380
67.800000,0.9966736734,0.5168543384,0.5151351121
67.850000,0.9966800839,0.5168122552,0.5150964819
67.900000,0.9966864777,0.5167702771,0.5150579473
67.950000,0.9966928549,0.5167284038,0.5150195079
68.000000,0.9966992153,0.5166866350,0.5149811637
68.050000,0.9967055592,0.5166449705,0.5149429142
68.100000,0.9967118865,0.5166034100,0.5149047594
68.150000,0.9967181974,0.5165619534,0.5148666990
68.200000,0.9967244918,0.5165206002,0.5148287327
68.250000,0.9967307698,0.5164793503,0.5147908604
68.300000,0.9967370315,0.5164382034,0.5147530818
68.350000,0.9967432770,0.5163971592,0.5147153967
68.400000,0.9967495062,0.5163562175,0.5146778048
68.450000,0.9967557193,0.5163153780,0.5146403060
68.500000,0.9967619162,0.5162746405,0.5146029000
68.550000,0.9967680971,0.5162340047,0.5145655866
68.600000,0.9967742620,0.5161934704,0.5145283655
68.650000,0.9967804110,0.5161530373,0.5144912366
68.700000,0.9967865440,0.5161127051,0.5144541997
68.750000,0.9967926612,0.5160724737,0.5144172544
68.800000,0.9967987626,0.5160323427,0.5143804006
68.850000,0.9968048483,0.5159923119,0.5143436381
68.900000,0.9968109182,0.5159523810,0.5143069667
68.950000,0.9968169726,0.5159125499,0.5142703861
69.000000,0.9968230113,0.5158728182,0.5142338961
69.050000,0.9968290345,0.5158331857,0.5141974965
69.100000,0.9968350422,0.5157936522,0.5141611870
69.150000,0.9968410344,0.5157542174,0.5141249675
69.200000,0.9968470113,0.5157148810,0.5140888378
69.250000,0.9968529728,0.5156756429,0.5140527976
69.300000,0.9968589191,0.5156365027,0.5140168467
69.350000,0.9968648501,0.5155974603,0.5139809849
69.400000,0.9968707659,0.5155585153,0.5139452120
69.450000,0.9968766665,0.5155196676,0.5139095278
69.500000,0.9968825521,0.5154809169,0.5138739320
69.550000,0.9968884226,0.5154422630,0.5138384245
69.600000,0.9968942781,0.5154037055,0.5138030050
69.650000,0.9969001187,0.5153652443,0.5137676733
69.700000,0.9969059444,0.5153268792,0.5137324292
69.750000,0.9969117552,0.5152886099,0.5136972725
69.800000,0.9969175512,0.5152504361,0.5136622030
69.850000,0.9969233325,0.5152123576,0.5136272205
69.900000,0.9969290991,0.5151743742,0.5135923247
69.950000,0.9969348509,0.5151364857,0.5135575156
70.000000,0.9969405882,0.5150986917,0.5135227927
70.050000,0.9969463109,0.5150609921,0.5134881560
70.100000,0.9969520191,0.5150233867,0.5134536052
70.150000,0.9969577128,0.5149858751,0.5134191402
70.200000,0.9969633921,0.5149484572,0.5133847607
70.250000,0.9969690570,0.5149111328,0.5133504665
70.300000,0.9969747076,0.5148739015,0.5133162574
70.350000,0.9969803439,0.5148367632,0.5132821332
70.400000,0.9969859659,0.5147997176,0.5132480937
70.450000,0.9969915738,0.5147627645,0.5132141387
70.500000,0.9969971674,0.5147259037,0.5131802680
70.550000,0.9970027470,0.5146891349,0.5131464814
70.600000,0.9970083125,0.5146524579,0.5131127786
70.650000,0.9970138640,0.5146158725,0.5130791596
70.700000,0.9970194015,0.5145793785,0.5130456240
70.750000,0.9970249251,0.5145429756,0.5130121717
70.800000,0.9970304348,0.5145066635,0.5129788025
70.850000,0.9970359306,0.5144704422,0.5129455161
70.900000,0.9970414127,0.5144343113,0.5129123124
70.950000,0.9970468810,0.5143982705,0.5128791912
71.000000,0.9970523356,0.5143623198,0.5128461523
71.050000,0.9970577765,0.5143264589,0.5128131955
71.100000,0.9970632038,0.5142906875,0.5127803205
71.150000,0.9970686175,0.5142550054,0.5127475273
71.200000,0.9970740177,0.5142194124,0.5127148155
71.250000,0.9970794044,0.5141839082,0.5126821850
71.300000,0.9970847776,0.5141484927,0.5126496356
71.350000,0.9970901375,0.5141131657,0.5126171670
71.400000,0.9970954839,0.5140779268,0.5125847792
71.450000,0.9971008170,0.5140427760,0.5125524719
71.500000,0.9971061369,0.5140077129,0.5125202449
71.550000,0.9971114435,0.5139727373,0.5124880980
71.600000,0.9971167369,0.5139378491,0.5124560311
71.650000,0.9971220171,0.5139030480,0.5124240438
71.700000,0.9971272842,0.5138683338,0.5123921361
71.750000,0.9971325383,0.5138337063,0.5123603078
71.800000,0.9971377793,0.5137991652,0.5123285586
71.850000,0.9971430073,0.5137647104,0.5122968884
71.900000,0.9971482224,0.5137303416,0.5122652969
71.950000,0.9971534245,0.5136960586,0.5122337840
72.000000,0.9971586138,0.5136618612,0.5122023495
72.050000,0.9971637902,0.5136277492,0.5121709932
72.100000,0.9971689538,0.5135937224,0.5121397149
72.150000,0.9971741047,0.5135597805,0.5121085144
72.200000,0.9971792429,0.5135259234,0.5120773915
72.250000,0.9971843684,0.5134921509,0.5120463461
72.300000,0.9971894813,0.5134584626,0.5120153780
72.350000,0.9971945816,0.5134248585,0.5119844869
72.400000,0.9971996693,0.5133913382,0.5119536727
72.450000,0.9972047445,0.5133579017,0.5119229352
72.500000,0.9972098072,0.5133245487,0.5118922742
72.550000,0.9972148575,0.5132912789,0.5118616895
72.600000,0.9972198953,0.5132580922,0.5118311810
72.650000,0.9972249209,0.5132249884,0.5118007484
72.700000,0.9972299341,0.5131919672,0.5117703916
72.750000,0.9972349350,0.5131590285,0.5117401104
72.800000,0.9972399236,0.5131261720,0.5117099046
72.850000,0.9972449001,0.5130933975,0.5116797740
72.900000,0.9972498644,0.5130607049,0.5116497184
72.950000,0.9972548165,0.5130280939,0.5116197377
73.000000,0.9972597565,0.5129955644,0.5115898316
73.050000,0.9972646845,0.5129631161,0.5115600001
73.100000,0.9972696005,0.5129307487,0.5115302429
73.150000,0.9972745045,0.5128984622,0.5115005598
73.200000,0.9972793965,0.5128662564,0.5114709506
73.250000,0.9972842766,0.5128341309,0.5114414152
73.300000,0.9972891448,0.5128020856,0.5114119535
73.350000,0.9972940012,0.5127701204,0.5113825651
73.400000,0.9972988458,0.5127382350,0.5113532500
73.450000,0.9973036787,0.5127064292,0.5113240079
73.500000,0.9973084998,0.5126747028,0.5112948387
73.550000,0.9973133092,0.5126430556,0.5112657422
73.600000,0.9973181069,0.5126114874,0.5112367182
73.650000,0.9973228930,0.5125799981,0.5112077666
73.700000,0.9973276676,0.5125485874,0.5111788871
73.750000,0.9973324305,0.5125172551,0.5111500797
73.800000,0.9973371820,0.5124860010,0.5111213441
73.850000,0.9973419220,0.5124548250,0.5110926801
73.900000,0.9973466505,0.5124237268,0.5110640876
73.950000,0.9973513677,0.5123927063,0.5110355664
74.000000,0.9973560734,0.5123617632,0.5110071163
74.050000,0.9973607678,0.5123308974,0.5109787372
74.100000,0.9973654509,0.5123001087,0.5109504289
74.150000,0.9973701227,0.5122693968,0.5109221912
74.200000,0.9973747833,0.5122387616,0.5108940239
74.250000,0.9973794327,0.5122082029,0.5108659269
74.300000,0.9973840709,0.5121777206,0.5108379000
74.350000,0.9973886980,0.5121473143,0.5108099430
74.400000,0.9973933139,0.5121169839,0.5107820557
74.450000,0.9973979188,0.5120867293,0.5107542381
74.500000,0.9974025127,0.5120565502,0.5107264898
74.550000,0.9974070955,0.5120264465,0.5106988108
74.600000,0.9974116674,0.5119964179,0.5106712009
74.650000,0.9974162284,0.5119664643,0.5106436599
74.700000,0.9974207784,0.5119365855,0.5106161877
74.750000,0.9974253176,0.5119067813,0.5105887840
74.800000,0.9974298460,0.5118770516,0.5105614487
74.850000,0.9974343635,0.5118473960,0.5105341817
74.900000,0.9974388702,0.5118178145,0.5105069827
74.950000,0.9974433663,0.5117883069,0.5104798516
75.000000,0.9974478516,0.5117588729,0.5104527883
75.050000,0.9974523262,0.5117295125,0.5104257926
75.100000,0.9974567902,0.5117002253,0.5103988643
75.150000,0.9974612436,0.5116710113,0.5103720032
75.200000,0.9974656864,0.5116418702,0.5103452092
75.250000,0.9974701187,0.5116128019,0.5103184822
75.300000,0.9974745404,0.5115838061,0.5102918219
75.350000,0.9974789516,0.5115548828,0.5102652282
75.400000,0.9974833524,0.5115260316,0.5102387009
75.450000,0.9974877428,0.5114972526,0.5102122399
75.500000,0.9974921228,0.5114685453,0.5101858450
75.550000,0.9974964924,0.5114399098,0.5101595161
75.600000,0.9975008517,0.5114113457,0.5101332529
75.650000,0.9975052007,0.5113828530,0.5101070554
75.700000,0.9975095395,0.5113544314,0.5100809234
75.750000,0.9975138679,0.5113260808,0.5100548566
75.800000,0.9975181862,0.5112978009,0.5100288550
75.850000,0.9975224943,0.5112695917,0.5100029184
75.900000,0.9975267923,0.5112414529,0.5099770466
75.950000,0.9975310802,0.5112133844,0.5099512395
76.000000,0.9975353579,0.5111853859,0.5099254969
76.050000,0.9975396256,0.5111574574,0.5098998187
76.100000,0.9975438833,0.5111295986,0.5098742046
76.150000,0.9975481310,0.5111018093,0.5098486547
76.200000,0.9975523687,0.5110740895,0.5098231685
76.250000,0.9975565965,0.5110464388,0.5097977462
76.300000,0.9975608144,0.5110188572,0.5097723874
76.350000,0.9975650224,0.5109913445,0.5097470920
76.400000,0.9975692205,0.5109639004,0.5097218599
76.450000,0.9975734088,0.5109365249,0.5096966909
76.500000,0.9975775874,0.5109092178,0.5096715848
76.550000,0.9975817561,0.5108819788,0.5096465416
76.600000,0.9975859152,0.5108548078,0.5096215610
76.650000,0.9975900645,0.5108277047,0.5095966429
76.700000,0.9975942042,0.5108006692,0.5095717871
76.750000,0.9975983342,0.5107737013,0.5095469935
76.800000,0.9976024546,0.5107468007,0.5095222620
76.850000,0.9976065654,0.5107199672,0.5094975924
76.900000,0.9976106666,0.5106932008,0.5094729845
76.950000,0.9976147583,0.5106665012,0.5094484381
77.000000,0.9976188405,0.5106398682,0.5094239532
77.050000,0.9976229132,0.5106133018,0.5093995296
77.100000,0.9976269765,0.5105868017,0.5093751672
77.150000,0.9976310303,0.5105603677,0.5093508657
77.200000,0.9976350748,0.5105339998,0.5093266250
77.250000,0.9976391099,0.5105076977,0.5093024451
77.300000,0.9976431356,0.5104814612,0.5092783256
77.350000,0.9976471520,0.5104552903,0.5092542666
77.400000,0.9976511592,0.5104291847,0.5092302678
77.450000,0.9976551570,0.5104031443,0.5092063291
77.500000,0.9976591457,0.5103771689,0.5091824503
77.550000,0.9976631251,0.5103512584,0.5091586314
77.600000,0.9976670954,0.5103254126,0.5091348721
77.650000,0.9976710565,0.5102996313,0.5091111723
77.700000,0.9976750085,0.5102739144,0.5090875319
77.750000,0.9976789514,0.5102482617,0.5090639506
77.800000,0.9976828852,0.5102226730,0.5090404285
77.850000,0.9976868100,0.5101971483,0.5090169653
77.900000,0.9976907257,0.5101716872,0.5089935609
77.950000,0.9976946325,0.5101462898,0.5089702151
78.000000,0.9976985303,0.5101209557,0.5089469278
78.050000,0.9977024191,0.5100956849,0.5089236988
78.100000,0.9977062990,0.5100704772,0.5089005281
78.150000,0.9977101701,0.5100453325,0.5088774154
78.200000,0.9977140322,0.5100202505,0.5088543607
78.250000,0.9977178856,0.5099952312,0.5088313637
78.300000,0.9977217301,0.5099702743,0.5088084244
78.350000,0.9977255659,0.5099453798,0.5087855426
78.400000,0.9977293928,0.5099205474,0.5087627181
78.450000,0.9977332111,0.5098957770,0.5087399509
78.500000,0.9977370206,0.5098710684,0.5087172407
78.550000,0.9977408214,0.5098464216,0.5086945875
78.600000,0.9977446136,0.5098218363,0.5086719911
78.650000,0.9977483972,0.5097973124,0.5086494513
78.700000,0.9977521721,0.5097728497,0.5086269680
78.750000,0.9977559384,0.5097484481,0.5086045412
78.800000,0.9977596962,0.5097241074,0.5085821705
78.850000,0.9977634455,0.5096998275,0.5085598560
78.900000,0.9977671862,0.5096756082,0.5085375975
78.950000,0.9977709184,0.5096514494,0.5085153947
79.000000,0.9977746422,0.5096273509,0.5084932477
79.050000,0.9977783576,0.5096033126,0.5084711562
79.100000,0.9977820645,0.5095793343,0.5084491202
79.150000,0.9977857630,0.5095554158,0.5084271394
79.200000,0.9977894532,0.5095315571,0.5084052138
79.250000,0.9977931350,0.5095077580,0.5083833432
79.300000,0.9977968085,0.5094840183,0.5083615274
79.350000,0.9978004737,0.5094603379,0.5083397665
79.400000,0.9978041306,0.5094367166,0.5083180601
79.450000,0.9978077793,0.5094131542,0.5082964082
79.500000,0.9978114198,0.5093896507,0.5082748106
79.550000,0.9978150520,0.5093662059,0.5082532673
79.600000,0.9978186761,0.5093428197,0.5082317780
79.650000,0.9978222920,0.5093194918,0.5082103427
79.700000,0.9978258998,0.5092962222,0.5081889611
79.750000,0.9978294994,0.5092730106,0.5081676333
79.800000,0.9978330910,0.5092498571,0.5081463590
79.850000,0.9978366745,0.5092267613,0.5081251381
79.900000,0.9978402500,0.5092037232,0.5081039705
79.950000,0.9978438175,0.5091807426,0.5080828560
80.000000,0.9978473770,0.5091578194,0.5080617946
80.050000,0.9978509284,0.5091349535,0.5080407860
80.100000,0.9978544720,0.5091121446,0.5080198303
80.150000,0.9978580076,0.5090893927,0.5079989271
80.200000,0.9978615353,0.5090666976,0.5079780765
80.250000,0.9978650551,0.5090440592,0.5079572782
80.300000,0.9978685671,0.5090214773,0.5079365322
80.350000,0.9978720712,0.5089989518,0.5079158382
80.400000,0.9978755675,0.5089764825,0.5078951963
80.450000,0.9978790561,0.5089540693,0.5078746062
80.500000,0.9978825368,0.5089317121,0.5078540679
80.550000,0.9978860098,0.5089094107,0.5078335812
80.600000,0.9978894751,0.5088871650,0.5078131459
80.650000,0.9978929326,0.5088649748,0.5077927620
80.700000,0.9978963825,0.5088428401,0.5077724293
80.750000,0.9978998247,0.5088207606,0.5077521478
80.800000,0.9979032593,0.5087987362,0.5077319172
80.850000,0.9979066862,0.5087767668,0.5077117374
80.900000,0.9979101055,0.5087548523,0.5076916084
80.950000,0.9979135173,0.5087329925,0.5076715299
81.000000,0.9979169215,0.5087111873,0.5076515020
81.050000,0.9979203182,0.5086894366,0.5076315244
81.100000,0.9979237073,0.5086677401,0.5076115970
81.150000,0.9979270890,0.5086460978,0.5075917197
81.200000,0.9979304632,0.5086245096,0.5075718924
81.250000,0.9979338299,0.5086029752,0.5075521150
81.300000,0.9979371892,0.5085814946,0.5075323873
81.350000,0.9979405411,0.5085600677,0.5075127091
81.400000,0.9979438856,0.5085386943,0.5074930805
81.450000,0.9979472228,0.5085173742,0.5074735013
81.500000,0.9979505525,0.5084961073,0.5074539713
81.550000,0.9979538750,0.5084748936,0.5074344904
81.600000,0.9979571901,0.5084537328,0.5074150585
81.650000,0.9979604980,0.5084326249,0.5073956755
81.700000,0.9979637986,0.5084115697,0.5073763413
81.750000,0.9979670919,0.5083905670,0.5073570557
81.800000,0.9979703780,0.5083696168,0.5073378186
81.850000,0.9979736570,0.5083487189,0.5073186300
81.900000,0.9979769287,0.5083278731,0.5072994896
81.950000,0.9979801932,0.5083070795,0.5072803974
82.000000,0.9979834506,0.5082863377,0.5072613532
82.050000,0.9979867009,0.5082656477,0.5072423570
82.100000,0.9979899441,0.5082450094,0.5072234085
82.150000,0.9979931802,0.5082244226,0.5072045078
82.200000,0.9979964092,0.5082038873,0.5071856546
82.250000,0.9979996311,0.5081834032,0.5071668489
82.300000,0.9980028460,0.5081629702,0.5071480905
82.350000,0.9980060540,0.5081425883,0.5071293794
82.400000,0.9980092549,0.5081222572,0.5071107153
82.450000,0.9980124488,0.5081019769,0.5070920983
82.500000,0.9980156358,0.5080817473,0.5070735281
82.550000,0.9980188159,0.5080615682,0.5070550047
82.600000,0.9980219891,0.5080414394,0.5070365279
82.650000,0.9980251553,0.5080213609,0.5070180976
82.700000,0.9980283147,0.5080013326,0.5069997138
82.750000,0.9980314672,0.5079813542,0.5069813763
82.800000,0.9980346129,0.5079614258,0.5069630849
82.850000,0.9980377517,0.5079415470,0.5069448396
82.900000,0.9980408838,0.5079217180,0.5069266403
82.950000,0.9980440091,0.5079019384,0.5069084868
83.000000,0.9980471276,0.5078822082,0.5068903791
83.050000,0.9980502393,0.5078625273,0.5068723170
83.100000,0.9980533444,0.5078428956,0.5068543003
83.150000,0.9980564427,0.5078233128,0.5068363291
83.200000,0.9980595343,0.5078037790,0.5068184032
83.250000,0.9980626193,0.5077842939,0.5068005224
83.300000,0.9980656976,0.5077648575,0.5067826867
83.350000,0.9980687693,0.5077454696,0.5067648959
83.400000,0.9980718343,0.5077261301,0.5067471500
83.450000,0.9980748927,0.5077068389,0.5067294487
83.500000,0.9980779446,0.5076875958,0.5067117921
83.550000,0.9980809899,0.5076684008,0.5066941801
83.600000,0.9980840287,0.5076492538,0.5066766124
83.650000,0.9980870609,0.5076301545,0.5066590890
83.700000,0.9980900866,0.5076111030,0.5066416097
83.750000,0.9980931058,0.5075920990,0.5066241745
83.800000,0.9980961185,0.5075731424,0.5066067833
83.850000,0.9980991248,0.5075542332,0.5065894360
83.900000,0.9981021247,0.5075353712,0.5065721324
83.950000,0.9981051181,0.5075165563,0.5065548724
84.000000,0.9981081051,0.5074977884,0.5065376559
84.050000,0.9981110857,0.5074790674,0.5065204829
84.100000,0.9981140599,0.5074603930,0.5065033532
84.150000,0.9981170278,0.5074417653,0.5064862666
84.200000,0.9981199894,0.5074231842,0.5064692232
84.250000,0.9981229446,0.5074046494,0.5064522228
84.300000,0.9981258936,0.5073861609,0.5064352652
84.350000,0.9981288362,0.5073677185,0.5064183504
84.400000,0.9981317726,0.5073493223,0.5064014783
84.450000,0.9981347027,0.5073309719,0.5063846488
84.500000,0.9981376266,0.5073126674,0.5063678617
84.550000,0.9981405442,0.5072944085,0.5063511170
84.600000,0.9981434557,0.5072761953,0.5063344145
84.650000,0.9981463610,0.5072580275,0.5063177542
84.700000,0.9981492601,0.5072399051,0.5063011360
84.750000,0.9981521530,0.5072218279,0.5062845596
84.800000,0.9981550398,0.5072037959,0.5062680251
84.850000,0.9981579205,0.5071858089,0.5062515324
84.900000,0.9981607951,0.5071678668,0.5062350812
84.950000,0.9981636636,0.5071499696,0.5062186716
85.000000,0.9981665261,0.5071321170,0.5062023034
85.050000,0.9981693825,0.5071143089,0.5061859766
85.100000,0.9981722328,0.5070965454,0.5061696909
85.150000,0.9981750771,0.5070788262,0.5061534464
85.200000,0.9981779154,0.5070611512,0.5061372429
85.250000,0.9981807478,0.5070435204,0.5061210803
85.300000,0.9981835741,0.5070259336,0.5061049585
85.350000,0.9981863945,0.5070083907,0.5060888775
85.400000,0.9981892089,0.5069908916,0.5060728370
85.450000,0.9981920175,0.5069734362,0.5060568371
85.500000,0.9981948201,0.5069560244,0.5060408775
85.550000,0.9981976168,0.5069386560,0.5060249583
85.600000,0.9982004076,0.5069213310,0.5060090793
85.650000,0.9982031926,0.5069040493,0.5059932404
85.700000,0.9982059717,0.5068868108,0.5059774415
85.750000,0.9982087450,0.5068696152,0.5059616825
85.800000,0.9982115125,0.5068524626,0.5059459633
85.850000,0.9982142741,0.5068353529,0.5059302839
85.900000,0.9982170300,0.5068182858,0.5059146441
85.950000,0.9982197801,0.5068012614,0.5058990437
86.000000,0.9982225245,0.5067842795,0.5058834829
86.050000,0.9982252631,0.5067673400,0.5058679613
86.100000,0.9982279960,0.5067504428,0.5058524789
86.150000,0.9982307231,0.5067335877,0.5058370357
86.200000,0.9982334446,0.5067167748,0.5058216316
86.250000,0.9982361604,0.5067000038,0.5058062663
86.300000,0.9982388706,0.5066832747,0.5057909399
86.350000,0.9982415750,0.5066665874,0.5057756523
86.400000,0.9982442739,0.5066499418,0.5057604032
86.450000,0.9982469671,0.5066333377,0.5057451928
86.500000,0.9982496547,0.5066167750,0.5057300208
86.550000,0.9982523368,0.5066002538,0.5057148871
86.600000,0.9982550132,0.5065837737,0.5056997918
86.650000,0.9982576841,0.5065673349,0.5056847345
86.700000,0.9982603494,0.5065509370,0.5056697154
86.750000,0.9982630092,0.5065345801,0.5056547343
86.800000,0.9982656635,0.5065182641,0.5056397910
86.850000,0.9982683123,0.5065019888,0.5056248855
86.900000,0.9982709556,0.5064857541,0.5056100178
86.950000,0.9982735934,0.5064695600,0.5055951876
87.000000,0.9982762258,0.5064534063,0.5055803950
87.050000,0.9982788527,0.5064372929,0.5055656397
87.100000,0.9982814742,0.5064212198,0.5055509218
87.150000,0.9982840902,0.5064051868,0.5055362412
87.200000,0.9982867009,0.5063891938,0.5055215977
87.250000,0.9982893062,0.5063732408,0.5055069912
87.300000,0.9982919060,0.5063573276,0.5054924217
87.350000,0.9982945006,0.5063414541,0.5054778891
87.400000,0.9982970897,0.5063256203,0.5054633932
87.450000,0.9982996736,0.5063098260,0.5054489340
87.500000,0.9983022521,0.5062940711,0.5054345114
87.550000,0.9983048253,0.5062783556,0.5054201254
87.600000,0.9983073933,0.5062626793,0.5054057757
87.650000,0.9983099559,0.5062470422,0.5053914623
87.700000,0.9983125133,0.5062314441,0.5053771852
87.750000,0.9983150654,0.5062158849,0.5053629443
87.800000,0.9983176123,0.5062003646,0.5053487393
87.850000,0.9983201540,0.5061848831,0.5053345704
87.900000,0.9983226904,0.5061694402,0.5053204373
87.950000,0.9983252217,0.5061540358,0.5053063400
88.000000,0.9983277478,0.5061386700,0.5052922784
88.050000,0.9983302687,0.5061233424,0.5052782524
88.100000,0.9983327844,0.5061080532,0.5052642620
88.150000,0.9983352950,0.5060928021,0.5052503069
88.200000,0.9983378005,0.5060775892,0.5052363872
88.250000,0.9983403008,0.5060624142,0.5052225028
88.300000,0.9983427961,0.5060472771,0.5052086535
88.350000,0.9983452862,0.5060321778,0.5051948393
88.400000,0.9983477713,0.5060171161,0.5051810601
88.450000,0.9983502513,0.5060020921,0.5051673159
88.500000,0.9983527263,0.5059871057,0.5051536064
88.550000,0.9983551962,0.5059721566,0.5051399317
88.600000,0.9983576611,0.5059572448,0.5051262916
88.650000,0.9983601210,0.5059423703,0.5051126861
88.700000,0.9983625759,0.5059275330,0.5050991150
88.750000,0.9983650258,0.5059127326,0.5050855784
88.800000,0.9983674707,0.5058979693,0.5050720760
88.850000,0.9983699107,0.5058832428,0.5050586079
88.900000,0.9983723457,0.5058685530,0.5050451739
88.950000,0.9983747758,0.5058539000,0.5050317739
89.000000,0.9983772009,0.5058392835,0.5050184080
89.050000,0.9983796212,0.5058247035,0.5050050759
89.100000,0.9983820365,0.5058101599,0.5049917776
89.150000,0.9983844470,0.5057956527,0.5049785130
89.200000,0.9983868525,0.5057811816,0.5049652820
89.250000,0.9983892533,0.5057667467,0.5049520846
89.300000,0.9983916491,0.5057523479,0.5049389207
89.350000,0.9983940402,0.5057379850,0.5049257901
89.400000,0.9983964264,0.5057236579,0.5049126928
89.450000,0.9983988078,0.5057093667,0.5048996287
89.500000,0.9984011844,0.5056951111,0.5048865978
89.550000,0.9984035562,0.5056808911,0.5048735999
89.600000,0.9984059232,0.5056667066,0.5048606350
89.650000,0.9984082855,0.5056525575,0.5048477030
89.700000,0.9984106430,0.5056384438,0.5048348038
89.750000,0.9984129958,0.5056243653,0.5048219373
89.800000,0.9984153439,0.5056103219,0.5048091034
89.850000,0.9984176872,0.5055963136,0.5047963021
89.900000,0.9984200259,0.5055823403,0.5047835333
89.950000,0.9984223598,0.5055684019,0.5047707969
90.000000,0.9984246891,0.5055544983,0.5047580927
90.050000,0.9984270137,0.5055406294,0.5047454209
90.100000,0.9984293336,0.5055267951,0.5047327812
90.150000,0.9984316489,0.5055129954,0.5047201735
90.200000,0.9984339596,0.5054992301,0.5047075979
90.250000,0.9984362657,0.5054854992,0.5046950542
90.300000,0.9984385671,0.5054718026,0.5046825423
90.350000,0.9984408640,0.5054581401,0.5046700621
90.400000,0.9984431562,0.5054445118,0.5046576137
90.450000,0.9984454439,0.5054309176,0.5046451968
90.500000,0.9984477270,0.5054173572,0.5046328115
90.550000,0.9984500056,0.5054038307,0.5046204576
90.600000,0.9984522796,0.5053903380,0.5046081351
90.650000,0.9984545491,0.5053768790,0.5045958439
90.700000,0.9984568141,0.5053634536,0.5045835839
90.750000,0.9984590746,0.5053500617,0.5045713550
90.800000,0.9984613306,0.5053367033,0.5045591572
90.850000,0.9984635821,0.5053233782,0.5045469903
90.900000,0.9984658292,0.5053100864,0.5045348544
90.950000,0.9984680717,0.5052968277,0.5045227492
91.000000,0.9984703099,0.5052836022,0.5045106749
91.050000,0.9984725436,0.5052704097,0.5044986311
91.100000,0.9984747728,0.5052572501,0.5044866180
91.150000,0.9984769977,0.5052441234,0.5044746354
91.200000,0.9984792181,0.5052310295,0.5044626833
91.250000,0.9984814342,0.5052179682,0.5044507615
91.300000,0.9984836458,0.5052049396,0.5044388700
91.350000,0.9984858531,0.5051919435,0.5044270087
91.400000,0.9984880561,0.5051789799,0.5044151776
91.450000,0.9984902546,0.5051660486,0.5044033765
91.500000,0.9984924489,0.5051531496,0.5043916054
91.550000,0.9984946388,0.5051402828,0.5043798642
91.600000,0.9984968244,0.5051274481,0.5043681529
91.650000,0.9984990057,0.5051146455,0.5043564713
91.700000,0.9985011827,0.5051018749,0.5043448195
91.750000,0.9985033554,0.5050891361,0.5043331972
91.800000,0.9985055238,0.5050764292,0.5043216045
91.850000,0.9985076880,0.5050637540,0.5043100413
91.900000,0.9985098479,0.5050511104,0.5042985074
91.950000,0.9985120036,0.5050384984,0.5042870029
92.000000,0.9985141551,0.5050259179,0.5042755277
92.050000,0.9985163023,0.5050133688,0.5042640816
92.100000,0.9985184453,0.5050008510,0.5042526646
92.150000,0.9985205841,0.5049883645,0.5042412767
92.200000,0.9985227187,0.5049759092,0.5042299177
92.250000,0.9985248492,0.5049634849,0.5042185876
92.300000,0.9985269754,0.5049510917,0.5042072863
92.350000,0.9985290975,0.5049387294,0.5041960138
92.400000,0.9985312155,0.5049263980,0.5041847700
92.450000,0.9985333293,0.5049140974,0.5041735547
92.500000,0.9985354390,0.5049018275,0.5041623680
92.550000,0.9985375446,0.5048895883,0.5041512097
92.600000,0.9985396460,0.5048773796,0.5041400799
92.650000,0.9985417434,0.5048652013,0.5041289783
92.700000,0.9985438367,0.5048530535,0.5041179050
92.750000,0.9985459259,0.5048409360,0.5041068599
92.800000,0.9985480110,0.5048288488,0.5040958429
92.850000,0.9985500921,0.5048167918,0.5040848539
92.900000,0.9985521691,0.5048047648,0.5040738929
92.950000,0.9985542421,0.5047927679,0.5040629598
93.000000,0.9985563111,0.5047808010,0.5040520545
93.050000,0.9985583760,0.5047688639,0.5040411770
93.100000,0.9985604369,0.5047569566,0.5040303271
93.150000,0.9985624939,0.5047450791,0.5040195049
93.200000,0.9985645468,0.5047332312,0.5040087103
93.250000,0.9985665958,0.5047214129,0.5039979431
93.300000,0.9985686408,0.5047096241,0.5039872033
93.350000,0.9985706818,0.5046978648,0.5039764909
93.400000,0.9985727189,0.5046861348,0.5039658058
93.450000,0.9985747520,0.5046744341,0.5039551478
93.500000,0.9985767812,0.5046627626,0.5039445171
93.550000,0.9985788065,0.5046511202,0.5039339133
93.600000,0.9985808279,0.5046395069,0.5039233366
93.650000,0.9985828454,0.5046279227,0.5039127869
93.700000,0.9985848590,0.5046163673,0.5039022640
93.750000,0.9985868687,0.5046048408,0.5038917679
93.800000,0.9985888745,0.5045933431,0.5038812985
93.850000,0.9985908764,0.5045818741,0.5038708559
93.900000,0.9985928746,0.5045704337,0.5038604398
93.950000,0.9985948688,0.5045590219,0.5038500503
94.000000,0.9985968592,0.5045476386,0.5038396872
94.050000,0.9985988458,0.5045362837,0.5038293505
94.100000,0.9986008286,0.5045249571,0.5038190402
94.150000,0.9986028076,0.5045136588,0.5038087562
94.200000,0.9986047828,0.5045023888,0.5037984984
94.250000,0.9986067542,0.5044911469,0.5037882667
94.300000,0.9986087218,0.5044799330,0.5037780611
94.350000,0.9986106856,0.5044687472,0.5037678815
94.400000,0.9986126457,0.5044575893,0.5037577278
94.450000,0.9986146020,0.5044464592,0.5037476001
94.500000,0.9986165545,0.5044353570,0.5037374982
94.550000,0.9986185034,0.5044242824,0.5037274220
94.600000,0.9986204485,0.5044132355,0.5037173715
94.650000,0.9986223899,0.5044022162,0.5037073466
94.700000,0.9986243276,0.5043912244,0.5036973473
94.750000,0.9986262615,0.5043802601,0.5036873735
94.800000,0.9986281918,0.5043693231,0.5036774251
94.850000,0.9986301185,0.5043584134,0.5036675021
94.900000,0.9986320414,0.5043475310,0.5036576045
94.950000,0.9986339607,0.5043366758,0.5036477320
95.000000,0.9986358763,0.5043258476,0.5036378848
95.050000,0.9986377883,0.5043150465,0.5036280626
95.100000,0.9986396966,0.5043042723,0.5036182655
95.150000,0.9986416013,0.5042935251,0.5036084934
95.200000,0.9986435024,0.5042828047,0.5035987463
95.250000,0.9986453999,0.5042721111,0.5035890240
95.300000,0.9986472938,0.5042614441,0.5035793265
95.350000,0.9986491840,0.5042508038,0.5035696538
95.400000,0.9986510707,0.5042401901,0.5035600057
95.450000,0.9986529539,0.5042296028,0.5035503823
95.500000,0.9986548334,0.5042190420,0.5035407834
95.550000,0.9986567094,0.5042085076,0.5035312091
95.600000,0.9986585818,0.5041979995,0.5035216591
95.650000,0.9986604507,0.5041875176,0.5035121336
95.700000,0.9986623161,0.5041770619,0.5035026323
95.750000,0.9986641779,0.5041666323,0.5034931553
95.800000,0.9986660363,0.5041562287,0.5034837026
95.850000,0.9986678911,0.5041458511,0.5034742739
95.900000,0.9986697424,0.5041354994,0.5034648693
95.950000,0.9986715902,0.5041251736,0.5034554888
96.000000,0.9986734345,0.5041148735,0.5034461321
96.050000,0.9986752754,0.5041045992,0.5034367994
96.100000,0.9986771128,0.5040943505,0.5034274905
96.150000,0.9986789467,0.5040841274,0.5034182054
96.200000,0.9986807772,0.5040739298,0.5034089440
96.250000,0.9986826042,0.5040637577,0.5033997063
96.300000,0.9986844278,0.5040536110,0.5033904921
96.350000,0.9986862480,0.5040434897,0.5033813015
96.400000,0.9986880648,0.5040333936,0.5033721344
96.450000,0.9986898781,0.5040233227,0.5033629907
96.500000,0.9986916880,0.5040132769,0.5033538703
96.550000,0.9986934946,0.5040032563,0.5033447733
96.600000,0.9986952978,0.5039932606,0.5033356995
96.650000,0.9986970976,0.5039832899,0.5033266489
96.700000,0.9986988940,0.5039733442,0.5033176214
96.750000,0.9987006870,0.5039634232,0.5033086170
96.800000,0.9987024767,0.5039535270,0.5032996356
96.850000,0.9987042631,0.5039436556,0.5032906772
96.900000,0.9987060461,0.5039338087,0.5032817416
96.950000,0.9987078258,0.5039239865,0.5032728289
97.000000,0.9987096021,0.5039141888,0.5032639390
97.050000,0.9987113752,0.5039044155,0.5032550718
97.100000,0.9987131449,0.5038946667,0.5032462273
97.150000,0.9987149114,0.5038849422,0.5032374054
97.200000,0.9987166745,0.5038752419,0.5032286060
97.250000,0.9987184344,0.5038655659,0.5032198292
97.300000,0.9987201910,0.5038559141,0.5032110748
97.350000,0.9987219443,0.5038462864,0.5032023427
97.400000,0.9987236944,0.5038366826,0.5031936331
97.450000,0.9987254412,0.5038271029,0.5031849456
97.500000,0.9987271848,0.5038175471,0.5031762805
97.550000,0.9987289251,0.5038080152,0.5031676374
97.600000,0.9987306622,0.5037985070,0.5031590165
97.650000,0.9987323960,0.5037890226,0.5031504177
97.700000,0.9987341267,0.5037795619,0.5031418408
97.750000,0.9987358542,0.5037701248,0.5031332859
97.800000,0.9987375784,0.5037607112,0.5031247528
97.850000,0.9987392995,0.5037513212,0.5031162416
97.900000,0.9987410173,0.5037419546,0.5031077522
97.950000,0.9987427320,0.5037326114,0.5030992845
98.000000,0.9987444436,0.5037232915,0.5030908385
98.050000,0.9987461519,0.5037139949,0.5030824141
98.100000,0.9987478571,0.5037047215,0.5030740113
98.150000,0.9987495592,0.5036954713,0.5030656299
98.200000,0.9987512581,0.5036862442,0.5030572701
98.250000,0.9987529539,0.5036770401,0.5030489316
98.300000,0.9987546466,0.5036678589,0.5030406145
98.350000,0.9987563361,0.5036587008,0.5030323186
98.400000,0.9987580226,0.5036495654,0.5030240440
98.450000,0.9987597059,0.5036404529,0.5030157906
98.500000,0.9987613861,0.5036313631,0.5030075583
98.550000,0.9987630632,0.5036222961,0.5029993471
98.600000,0.9987647373,0.5036132516,0.5029911570
98.650000,0.9987664083,0.5036042298,0.5029829878
98.700000,0.9987680762,0.5035952305,0.5029748395
98.750000,0.9987697411,0.5035862536,0.5029667121
98.800000,0.9987714028,0.5035772992,0.5029586056
98.850000,0.9987730616,0.5035683671,0.5029505197
98.900000,0.9987747173,0.5035594573,0.5029424546
98.950000,0.9987763700,0.5035505698,0.5029344102
99.000000,0.9987780196,0.5035417045,0.5029263864
99.050000,0.9987796663,0.5035328613,0.5029183831
99.100000,0.9987813099,0.5035240401,0.5029104004
99.150000,0.9987829505,0.5035152410,0.5029024381
99.200000,0.9987845881,0.5035064639,0.5028944962
99.250000,0.9987862227,0.5034977087,0.5028865746
99.300000,0.9987878544,0.5034889754,0.5028786734
99.350000,0.9987894831,0.5034802638,0.5028707924
99.400000,0.9987911087,0.5034715740,0.5028629316
99.450000,0.9987927315,0.5034629059,0.5028550910
99.500000,0.9987943513,0.5034542595,0.5028472705
99.550000,0.9987959681,0.5034456346,0.5028394700
99.600000,0.9987975820,0.5034370313,0.5028316895
99.650000,0.9987991929,0.5034284494,0.5028239290
99.700000,0.9988008009,0.5034198890,0.5028161883
99.750000,0.9988024060,0.5034113500,0.5028084676
99.800000,0.9988040082,0.5034028322,0.5028007666
99.850000,0.9988056074,0.5033943358,0.5027930853
99.900000,0.9988072038,0.5033858605,0.5027854238
99.950000,0.9988087973,0.5033774065,0.5027777819
100.000000,0.9988103878,0.5033689735,0.5027701596
100.050000,0.9988119755,0.5033605616,0.5027625569
100.100000,0.9988135603,0.5033521707,0.5027549737
100.150000,0.9988151423,0.5033438007,0.5027474099
100.200000,0.9988167214,0.5033354517,0.5027398656
100.250000,0.9988182976,0.5033271234,0.5027323406
100.300000,0.9988198710,0.5033188160,0.5027248349
100.350000,0.9988214415,0.5033105293,0.5027173484
100.400000,0.9988230092,0.5033022634,0.5027098812
100.450000,0.9988245741,0.5032940180,0.5027024332
100.500000,0.9988261361,0.5032857932,0.5026950042
100.550000,0.9988276953,0.5032775890,0.5026875943
100.600000,0.9988292517,0.5032694053,0.5026802035
100.650000,0.9988308053,0.5032612420,0.5026728316
100.700000,0.9988323561,0.5032530991,0.5026654787
100.750000,0.9988339041,0.5032449765,0.5026581446
100.800000,0.9988354494,0.5032368742,0.5026508293
100.850000,0.9988369918,0.5032287921,0.5026435329
100.900000,0.9988385315,0.5032207302,0.5026362551
100.950000,0.9988400684,0.5032126884,0.5026289961
101.000000,0.9988416025,0.5032046667,0.5026217557
101.050000,0.9988431339,0.5031966651,0.5026145339
101.100000,0.9988446626,0.5031886834,0.5026073307
101.150000,0.9988461885,0.5031807216,0.5026001459
101.200000,0.9988477116,0.5031727798,0.5025929796
101.250000,0.9988492321,0.5031648577,0.5025858317
101.300000,0.9988507498,0.5031569555,0.5025787022
101.350000,0.9988522648,0.5031490729,0.5025715910
101.400000,0.9988537771,0.5031412101,0.5025644981
101.450000,0.9988552866,0.5031333669,0.5025574234
101.500000,0.9988567935,0.5031255432,0.5025503668
101.550000,0.9988582977,0.5031177391,0.5025433284
101.600000,0.9988597992,0.5031099545,0.5025363081
101.650000,0.9988612980,0.5031021893,0.5025293059
101.700000,0.9988627942,0.5030944435,0.5025223216
101.750000,0.9988642876,0.5030867171,0.5025153553
101.800000,0.9988657784,0.5030790099,0.5025084069
101.850000,0.9988672666,0.5030713220,0.5025014763
101.900000,0.9988687521,0.5030636533,0.5024945636
101.950000,0.9988702350,0.5030560038,0.5024876687
102.000000,0.9988717152,0.5030483733,0.5024807914
102.050000,0.9988731928,0.5030407619,0.5024739319
102.100000,0.9988746677,0.5030331695,0.5024670900
102.150000,0.9988761401,0.5030255960,0.5024602657
102.200000,0.9988776098,0.5030180415,0.5024534589
102.250000,0.9988790769,0.5030105058,0.5024466697
102.300000,0.9988805414,0.5030029889,0.5024398979
102.350000,0.9988820033,0.5029954908,0.5024331435
102.400000,0.9988834627,0.5029880114,0.5024264065
102.450000,0.9988849194,0.5029805507,0.5024196869
102.500000,0.9988863735,0.5029731087,0.5024129845
102.550000,0.9988878251,0.5029656852,0.5024062994
102.600000,0.9988892741,0.5029582802,0.5023996315
102.650000,0.9988907206,0.5029508938,0.5023929807
102.700000,0.9988921645,0.5029435258,0.5023863471
102.750000,0.9988936058,0.5029361761,0.5023797305
102.800000,0.9988950446,0.5029288449,0.5023731309
102.850000,0.9988964809,0.5029215319,0.5023665484
102.900000,0.9988979146,0.5029142372,0.5023599827
102.950000,0.9988993458,0.5029069607,0.5023534340
103.000000,0.9989007745,0.5028997024,0.5023469022
103.050000,0.9989022006,0.5028924622,0.5023403871
103.100000,0.9989036242,0.5028852400,0.5023338889
103.150000,0.9989050454,0.5028780359,0.5023274073
103.200000,0.9989064640,0.5028708498,0.5023209425
103.250000,0.9989078801,0.5028636817,0.5023144943
103.300000,0.9989092938,0.5028565314,0.5023080627
103.350000,0.9989107050,0.5028493990,0.5023016477
103.400000,0.9989121136,0.5028422844,0.5022952491
103.450000,0.9989135198,0.5028351876,0.5022888671
103.500000,0.9989149236,0.5028281085,0.5022825015
103.550000,0.9989163249,0.5028210470,0.5022761524
103.600000,0.9989177237,0.5028140032,0.5022698195
103.650000,0.9989191201,0.5028069770,0.5022635030
103.700000,0.9989205140,0.5027999683,0.5022572028
103.750000,0.9989219055,0.5027929771,0.5022509188
103.800000,0.9989232945,0.5027860034,0.5022446510
103.850000,0.9989246811,0.5027790471,0.5022383993
103.900000,0.9989260653,0.5027721082,0.5022321638
103.950000,0.9989274471,0.5027651865,0.5022259443
104.000000,0.9989288265,0.5027582822,0.5022197409
104.050000,0.9989302034,0.5027513951,0.5022135534
104.100000,0.9989315780,0.5027445252,0.5022073819
104.150000,0.9989329501,0.5027376725,0.5022012263
104.200000,0.9989343199,0.5027308368,0.5021950866
104.250000,0.9989356873,0.5027240183,0.5021889627
104.300000,0.9989370523,0.5027172167,0.5021828546
104.350000,0.9989384149,0.5027104322,0.5021767623
104.400000,0.9989397751,0.5027036646,0.5021706856
104.450000,0.9989411330,0.5026969138,0.5021646247
104.500000,0.9989424885,0.5026901800,0.5021585793
104.550000,0.9989438417,0.5026834629,0.5021525496
104.600000,0.9989451925,0.5026767627,0.5021465354
104.650000,0.9989465410,0.5026700791,0.5021405368
104.700000,0.9989478871,0.5026634122,0.5021345536
104.750000,0.9989492309,0.5026567620,0.5021285858
104.800000,0.9989505723,0.5026501284,0.5021226335
104.850000,0.9989519115,0.5026435114,0.5021166965
104.900000,0.9989532483,0.5026369108,0.5021107748
104.950000,0.9989545828,0.5026303268,0.5021048684
105.000000,0.9989559150,0.5026237592,0.5020989773
105.050000,0.9989572448,0.5026172080,0.5020931013
105.100000,0.9989585724,0.5026106731,0.5020872405
105.150000,0.9989598977,0.5026041546,0.5020813949
105.200000,0.9989612207,0.5025976524,0.5020755643
105.250000,0.9989625414,0.5025911663,0.5020697488
105.300000,0.9989638599,0.5025846965,0.5020639483
105.350000,0.9989651760,0.5025782428,0.5020581628
105.400000,0.9989664899,0.5025718053,0.5020523923
105.450000,0.9989678015,0.5025653838,0.5020466366
105.500000,0.9989691109,0.5025589784,0.5020408958
105.550000,0.9989704180,0.5025525889,0.5020351698
105.600000,0.9989717229,0.5025462154,0.5020294586
105.650000,0.9989730255,0.5025398578,0.5020237622
105.700000,0.9989743259,0.5025335161,0.5020180805
105.750000,0.9989756240,0.5025271902,0.5020124134
105.800000,0.9989769199,0.5025208801,0.5020067610
105.850000,0.9989782136,0.5025145858,0.5020011232
105.900000,0.9989795051,0.5025083072,0.5019955000
105.950000,0.9989807943,0.5025020443,0.5019898913
106.000000,0.9989820813,0.5024957970,0.5019842971
106.050000,0.9989833662,0.5024895653,0.5019787174
106.100000,0.9989846488,0.5024833491,0.5019731520
106.150000,0.9989859292,0.5024771485,0.5019676011
106.200000,0.9989872074,0.5024709634,0.5019620645
106.250000,0.9989884835,0.5024647937,0.5019565422
106.300000,0.9989897574,0.5024586394,0.5019510342
106.350000,0.9989910290,0.5024525005,0.5019455405
106.400000,0.9989922986,0.5024463769,0.5019400609
106.450000,0.9989935659,0.5024402686,0.5019345955
106.500000,0.9989948311,0.5024341755,0.5019291443
106.550000,0.9989960941,0.5024280977,0.5019237071
106.600000,0.9989973550,0.5024220350,0.5019182840
106.650000,0.9989986137,0.5024159875,0.5019128750
106.700000,0.9989998702,0.5024099551,0.5019074799
106.750000,0.9990011247,0.5024039377,0.5019020988
106.800000,0.9990023770,0.5023979354,0.5018967316
106.850000,0.9990036271,0.5023919480,0.5018913783
106.900000,0.9990048752,0.5023859756,0.5018860388
106.950000,0.9990061211,0.5023800181,0.5018807132
107.000000,0.9990073649,0.5023740755,0.5018754013
107.050000,0.9990086065,0.5023681477,0.5018701032
107.100000,0.9990098461,0.5023622347,0.5018648188
107.150000,0.9990110836,0.5023563365,0.5018595481
107.200000,0.9990123190,0.5023504531,0.5018542910
107.250000,0.9990135522,0.5023445843,0.5018490476
107.300000,0.9990147834,0.5023387301,0.5018438177
107.350000,0.9990160125,0.5023328906,0.5018386013
107.400000,0.9990172395,0.5023270657,0.5018333985
107.450000,0.9990184644,0.5023212553,0.5018282091
107.500000,0.9990196873,0.5023154594,0.5018230331
107.550000,0.9990209081,0.5023096779,0.5018178706
107.600000,0.9990221268,0.5023039110,0.5018127214
107.650000,0.9990233435,0.5022981584,0.5018075856
107.700000,0.9990245581,0.5022924202,0.5018024631
107.750000,0.9990257707,0.5022866963,0.5017973538
107.800000,0.9990269812,0.5022809867,0.5017922578
107.850000,0.9990281897,0.5022752913,0.5017871750
107.900000,0.9990293961,0.5022696102,0.5017821054
107.950000,0.9990306005,0.5022639433,0.5017770488
108.000000,0.9990318029,0.5022582905,0.5017720054
108.050000,0.9990330032,0.5022526518,0.5017669751
108.100000,0.9990342016,0.5022470272,0.5017619578
108.150000,0.9990353979,0.5022414166,0.5017569535
108.200000,0.9990365922,0.5022358201,0.5017519622
108.250000,0.9990377845,0.5022302375,0.5017469838
108.300000,0.9990389747,0.5022246689,0.5017420183
108.350000,0.9990401630,0.5022191142,0.5017370657
108.400000,0.9990413493,0.5022135733,0.5017321259
108.450000,0.9990425336,0.5022080463,0.5017271990
108.500000,0.9990437159,0.5022025331,0.5017222848
108.550000,0.9990448963,0.5021970336,0.5017173834
108.600000,0.9990460746,0.5021915479,0.5017124946
108.650000,0.9990472510,0.5021860759,0.5017076186
108.700000,0.9990484254,0.5021806175,0.5017027552
108.750000,0.9990495979,0.5021751728,0.5016979044
108.800000,0.9990507684,0.5021697416,0.5016930662
108.850000,0.9990519369,0.5021643241,0.5016882406
108.900000,0.9990531035,0.5021589200,0.5016834275
108.950000,0.9990542681,0.5021535294,0.5016786268
109.000000,0.9990554308,0.5021481523,0.5016738387
109.050000,0.9990565915,0.5021427887,0.5016690629
109.100000,0.9990577503,0.5021374384,0.5016642995
109.150000,0.9990589072,0.5021321015,0.5016595486
109.200000,0.9990600621,0.5021267779,0.5016548099
109.250000,0.9990612151,0.5021214676,0.5016500835
109.300000,0.9990623662,0.5021161705,0.5016453694
109.350000,0.9990635154,0.5021108867,0.5016406676
109.400000,0.9990646627,0.5021056161,0.5016359780
109.450000,0.9990658080,0.5021003586,0.5016313005
109.500000,0.9990669515,0.5020951143,0.5016266352
109.550000,0.9990680930,0.5020898830,0.5016219820
109.600000,0.9990692327,0.5020846648,0.5016173409
109.650000,0.9990703705,0.5020794597,0.5016127118
109.700000,0.9990715063,0.5020742675,0.5016080948
109.750000,0.9990726403,0.5020690883,0.5016034897
109.800000,0.9990737724,0.5020639221,0.5015988966
109.850000,0.9990749027,0.5020587687,0.5015943155
109.900000,0.9990760310,0.5020536282,0.5015897463
109.950000,0.9990771575,0.5020485006,0.5015851889
110.000000,0.9990782822,0.5020433857,0.5015806434
110.050000,0.9990794049,0.5020382836,0.5015761097
110.100000,0.9990805258,0.5020331943,0.5015715877
110.150000,0.9990816449,0.5020281177,0.5015670776
110.200000,0.9990827621,0.5020230537,0.5015625791
110.250000,0.9990838775,0.5020180024,0.5015580924
110.300000,0.9990849910,0.5020129637,0.5015536173
110.350000,0.9990861027,0.5020079375,0.5015491538
110.400000,0.9990872125,0.5020029240,0.5015447020
110.450000,0.9990883205,0.5019979229,0.5015402617
110.500000,0.9990894267,0.5019929343,0.5015358330
110.550000,0.9990905311,0.5019879582,0.5015314158
110.600000,0.9990916336,0.5019829945,0.5015270101
110.650000,0.9990927344,0.5019780432,0.5015226158
110.700000,0.9990938333,0.5019731043,0.5015182330
110.750000,0.9990949304,0.5019681777,0.5015138616
110.800000,0.9990960257,0.5019632634,0.5015095015
110.850000,0.9990971192,0.5019583614,0.5015051528
110.900000,0.9990982109,0.5019534716,0.5015008155
110.950000,0.9990993009,0.5019485940,0.5014964894
111.000000,0.9991003890,0.5019437286,0.5014921745
111.050000,0.9991014754,0.5019388754,0.5014878709
111.100000,0.9991025599,0.5019340342,0.5014835785
111.150000,0.9991036427,0.5019292052,0.5014792973
111.200000,0.9991047237,0.5019243882,0.5014750272
111.250000,0.9991058030,0.5019195832,0.5014707682
111.300000,0.9991068805,0.5019147903,0.5014665204
111.350000,0.9991079562,0.5019100093,0.5014622836
111.400000,0.9991090301,0.5019052402,0.5014580578
111.450000,0.9991101023,0.5019004831,0.5014538430
111.500000,0.9991111728,0.5018957378,0.5014496392
111.550000,0.9991122415,0.5018910044,0.5014454464
111.600000,0.9991133084,0.5018862828,0.5014412644
111.650000,0.9991143737,0.5018815729,0.5014370934
111.700000,0.9991154371,0.5018768749,0.5014329332
111.750000,0.9991164989,0.5018721886,0.5014287839
111.800000,0.9991175589,0.5018675139,0.5014246454
111.850000,0.9991186172,0.5018628510,0.5014205177
111.900000,0.9991196737,0.5018581997,0.5014164007
111.950000,0.9991207286,0.5018535600,0.5014122945
112.000000,0.9991217817,0.5018489319,0.5014081989
112.050000,0.9991228331,0.5018443153,0.5014041141
112.100000,0.9991238828,0.5018397103,0.5014000399
112.150000,0.9991249308,0.5018351167,0.5013959763
112.200000,0.9991259771,0.5018305347,0.5013919233
112.250000,0.9991270217,0.5018259641,0.5013878809
112.300000,0.9991280646,0.5018214048,0.5013838490
112.350000,0.9991291058,0.5018168570,0.5013798276
112.400000,0.9991301453,0.5018123206,0.5013758168
112.450000,0.9991311832,0.5018077954,0.5013718164
112.500000,0.9991322193,0.5018032816,0.5013678264
112.550000,0.9991332538,0.5017987790,0.5013638468
112.600000,0.9991342866,0.5017942877,0.5013598776
112.650000,0.9991353177,0.5017898075,0.5013559188
112.700000,0.9991363472,0.5017853386,0.5013519703
112.750000,0.9991373750,0.5017808808,0.5013480321
112.800000,0.9991384011,0.5017764342,0.5013441042
112.850000,0.9991394256,0.5017719987,0.5013401865
112.900000,0.9991404484,0.5017675742,0.5013362791
112.950000,0.9991414696,0.5017631608,0.5013323819
113.000000,0.9991424891,0.5017587584,0.5013284948
113.050000,0.9991435070,0.5017543670,0.5013246179
113.100000,0.9991445233,0.5017499865,0.5013207511
113.150000,0.9991455379,0.5017456170,0.5013168944
113.200000,0.9991465508,0.5017412584,0.5013130478
113.250000,0.9991475622,0.5017369107,0.5013092112
113.300000,0.9991485719,0.5017325739,0.5013053847
113.350000,0.9991495800,0.5017282479,0.5013015681
113.400000,0.9991505864,0.5017239326,0.5012977615
113.450000,0.9991515913,0.5017196282,0.5012939649
113.500000,0.9991525945,0.5017153345,0.5012901782
113.550000,0.9991535961,0.5017110515,0.5012864013
113.600000,0.9991545962,0.5017067792,0.5012826344
113.650000,0.9991555946,0.5017025176,0.5012788773
113.700000,0.9991565914,0.5016982666,0.5012751300
113.750000,0.9991575866,0.5016940263,0.5012713925
113.800000,0.9991585802,0.5016897965,0.5012676648
113.850000,0.9991595722,0.5016855773,0.5012639468
113.900000,0.9991605627,0.5016813686,0.5012602385
113.950000,0.9991615515,0.5016771704,0.5012565400
114.000000,0.9991625388,0.5016729827,0.5012528511
114.050000,0.9991635245,0.5016688055,0.5012491718
114.100000,0.9991645086,0.5016646387,0.5012455022
114.150000,0.9991654911,0.5016604823,0.5012418422
114.200000,0.9991664721,0.5016563363,0.5012381917
114.250000,0.9991674515,0.5016522006,0.5012345508
114.300000,0.9991684294,0.5016480753,0.5012309195
114.350000,0.9991694057,0.5016439602,0.5012272976
114.400000,0.9991703804,0.5016398555,0.5012236852
114.450000,0.9991713536,0.5016357609,0.5012200822
114.500000,0.9991723252,0.5016316766,0.5012164887
114.550000,0.9991732953,0.5016276025,0.5012129046
114.600000,0.9991742638,0.5016235386,0.5012093299
114.650000,0.9991752308,0.5016194848,0.5012057645
114.700000,0.9991761963,0.5016154412,0.5012022085
114.750000,0.9991771602,0.5016114076,0.5011986618
114.800000,0.9991781226,0.5016073841,0.5011951243
114.850000,0.9991790834,0.5016033707,0.5011915962
114.900000,0.9991800428,0.5015993673,0.5011880772
114.950000,0.9991810006,0.5015953739,0.5011845675
115.000000,0.9991819569,0.5015913904,0.5011810670
115.050000,0.9991829116,0.5015874169,0.5011775757
115.100000,0.9991838649,0.5015834533,0.5011740934
115.150000,0.9991848167,0.5015794996,0.5011706204
115.200000,0.9991857669,0.5015755558,0.5011671564
115.250000,0.9991867156,0.5015716218,0.5011637015
115.300000,0.9991876629,0.5015676977,0.5011602556
115.350000,0.9991886086,0.5015637833,0.5011568188
115.400000,0.9991895529,0.5015598788,0.5011533910
115.450000,0.9991904956,0.5015559839,0.5011499722
115.500000,0.9991914369,0.5015520988,0.5011465623
115.550000,0.9991923767,0.5015482234,0.5011431614
115.600000,0.9991933150,0.5015443577,0.5011397694
115.650000,0.9991942518,0.5015405016,0.5011363863
115.700000,0.9991951871,0.5015366552,0.5011330120
115.750000,0.9991961210,0.5015328183,0.5011296466
115.800000,0.9991970534,0.5015289911,0.5011262901
115.850000,0.9991979843,0.5015251734,0.5011229423
115.900000,0.9991989137,0.5015213652,0.5011196033
115.950000,0.9991998417,0.5015175666,0.5011162731
116.000000,0.9992007683,0.5015137774,0.5011129516
116.050000,0.9992016933,0.5015099977,0.5011096389
116.100000,0.9992026170,0.5015062274,0.5011063348
116.150000,0.9992035391,0.5015024665,0.5011030394
116.200000,0.9992044599,0.5014987150,0.5010997527
116.250000,0.9992053791,0.5014949729,0.5010964746
116.300000,0.9992062970,0.5014912402,0.5010932050
116.350000,0.9992072134,0.5014875167,0.5010899441
116.400000,0.9992081283,0.5014838026,0.5010866917
116.450000,0.9992090418,0.5014800977,0.5010834479
116.500000,0.9992099539,0.5014764021,0.5010802126
116.550000,0.9992108646,0.5014727157,0.5010769858
116.600000,0.9992117738,0.5014690385,0.5010737675
116.650000,0.9992126816,0.5014653705,0.5010705576
116.700000,0.9992135880,0.5014617116,0.5010673561
116.750000,0.9992144930,0.5014580619,0.5010641631
116.800000,0.9992153966,0.5014544213,0.5010609785
116.850000,0.9992162987,0.5014507898,0.5010578022
116.900000,0.9992171995,0.5014471674,0.5010546342
116.950000,0.9992180988,0.5014435540,0.5010514746
117.000000,0.9992189967,0.5014399496,0.5010483233
117.050000,0.9992198933,0.5014363542,0.5010451803
117.100000,0.9992207884,0.5014327678,0.5010420456
117.150000,0.9992216822,0.5014291904,0.5010389191
117.200000,0.9992225745,0.5014256218,0.5010358008
117.250000,0.9992234655,0.5014220622,0.5010326907
117.300000,0.9992243550,0.5014185115,0.5010295888
117.350000,0.9992252432,0.5014149697,0.5010264950
117.400000,0.9992261300,0.5014114367,0.5010234094
117.450000,0.9992270155,0.5014079125,0.5010203319
117.500000,0.9992278995,0.5014043971,0.5010172625
117.550000,0.9992287822,0.5014008905,0.5010142012
117.600000,0.9992296635,0.5013973926,0.5010111479
117.650000,0.9992305434,0.5013939035,0.5010081027
117.700000,0.9992314220,0.5013904231,0.5010050655
117.750000,0.9992322992,0.5013869514,0.5010020362
117.800000,0.9992331751,0.5013834883,0.5009990150
117.850000,0.9992340496,0.5013800339,0.5009960017
117.900000,0.9992349227,0.5013765882,0.5009929963
117.950000,0.9992357945,0.5013731510,0.5009899989
118.000000,0.9992366649,0.5013697224,0.5009870093
118.050000,0.9992375340,0.5013663024,0.5009840276
118.100000,0.9992384018,0.5013628909,0.5009810538
118.150000,0.9992392682,0.5013594879,0.5009780878
118.200000,0.9992401333,0.5013560934,0.5009751296
118.250000,0.9992409970,0.5013527074,0.5009721792
118.300000,0.9992418594,0.5013493299,0.5009692366
118.350000,0.9992427205,0.5013459608,0.5009663017
118.400000,0.9992435802,0.5013426001,0.5009633746
118.450000,0.9992444386,0.5013392478,0.5009604552
118.500000,0.9992452957,0.5013359038,0.5009575435
118.550000,0.9992461515,0.5013325683,0.5009546394
118.600000,0.9992470059,0.5013292410,0.5009517430
118.650000,0.9992478591,0.5013259220,0.5009488543
118.700000,0.9992487109,0.5013226114,0.5009459732
118.750000,0.9992495614,0.5013193090,0.5009430996
118.800000,0.9992504106,0.5013160148,0.5009402337
118.850000,0.9992512585,0.5013127289,0.5009373753
118.900000,0.9992521051,0.5013094512,0.5009345244
118.950000,0.9992529504,0.5013061816,0.5009316811
119.000000,0.9992537944,0.5013029203,0.5009288452
119.050000,0.9992546371,0.5012996670,0.5009260169
119.100000,0.9992554785,0.5012964219,0.5009231960
119.150000,0.9992563187,0.5012931849,0.5009203825
119.200000,0.9992571575,0.5012899560,0.5009175765
119.250000,0.9992579950,0.5012867351,0.5009147779
119.300000,0.9992588313,0.5012835223,0.5009119867
119.350000,0.9992596663,0.5012803175,0.5009092028
119.400000,0.9992605000,0.5012771207,0.5009064263
119.450000,0.9992613324,0.5012739319,0.5009036571
119.500000,0.9992621636,0.5012707510,0.5009008952
119.550000,0.9992629935,0.5012675781,0.5008981407
119.600000,0.9992638221,0.5012644131,0.5008953934
119.650000,0.9992646495,0.5012612561,0.5008926533
119.700000,0.9992654756,0.5012581069,0.5008899205
119.750000,0.9992663004,0.5012549655,0.5008871950
119.800000,0.9992671240,0.5012518320,0.5008844766
119.850000,0.9992679463,0.5012487064,0.5008817654
119.900000,0.9992687674,0.5012455885,0.5008790614
119.950000,0.9992695872,0.5012424784,0.5008763645
120.000000,0.9992704058,0.5012393761,0.5008736747
120.050000,0.9992712231,0.5012362815,0.5008709921
120.100000,0.9992720392,0.5012331947,0.5008683165
120.150000,0.9992728540,0.5012301155,0.5008656481
120.200000,0.9992736676,0.5012270441,0.5008629867
120.250000,0.9992744800,0.5012239803,0.5008603323
120.300000,0.9992752911,0.5012209242,0.5008576849
120.350000,0.9992761010,0.5012178757,0.5008550446
120.400000,0.9992769097,0.5012148348,0.5008524112
120.450000,0.9992777171,0.5012118015,0.5008497848
120.500000,0.9992785233,0.5012087758,0.5008471653
120.550000,0.9992793283,0.5012057576,0.5008445528
120.600000,0.9992801321,0.5012027470,0.5008419472
120.650000,0.9992809347,0.5011997439,0.5008393485
120.700000,0.9992817360,0.5011967483,0.5008367567
120.750000,0.9992825361,0.5011937601,0.5008341717
120.800000,0.9992833350,0.5011907795,0.5008315936
120.850000,0.9992841327,0.5011878062,0.5008290223
120.900000,0.9992849292,0.5011848404,0.5008264578
120.950000,0.9992857245,0.5011818820,0.5008239001
121.000000,0.9992865186,0.5011789310,0.5008213492
121.050000,0.9992873115,0.5011759874,0.5008188050
121.100000,0.9992881032,0.5011730511,0.5008162676
121.150000,0.9992888938,0.5011701221,0.5008137369
121.200000,0.9992896831,0.5011672004,0.5008112129
121.250000,0.9992904712,0.5011642861,0.5008086956
121.300000,0.9992912581,0.5011613790,0.5008061850
121.350000,0.9992920439,0.5011584792,0.5008036810
121.400000,0.9992928284,0.5011555866,0.5008011836
121.450000,0.9992936118,0.5011527012,0.5007986929
121.500000,0.9992943940,0.5011498231,0.5007962088
121.550000,0.9992951751,0.5011469521,0.5007937313
121.600000,0.9992959549,0.5011440883,0.5007912603
121.650000,0.9992967336,0.5011412317,0.5007887959
121.700000,0.9992975111,0.5011383822,0.5007863380
121.750000,0.9992982875,0.5011355398,0.5007838867
121.800000,0.9992990627,0.5011327045,0.5007814418
121.850000,0.9992998367,0.5011298762,0.5007790035
121.900000,0.9993006095,0.5011270551,0.5007765716
121.950000,0.9993013812,0.5011242410,0.5007741462
122.000000,0.9993021518,0.5011214339,0.5007717272
122.050000,0.9993029212,0.5011186338,0.5007693146
122.100000,0.9993036894,0.5011158407,0.5007669084
122.150000,0.9993044565,0.5011130546,0.5007645086
122.200000,0.9993052224,0.5011102754,0.5007621152
122.250000,0.9993059872,0.5011075032,0.5007597282
122.300000,0.9993067509,0.5011047379,0.5007573475
122.350000,0.9993075134,0.5011019795,0.5007549731
122.400000,0.9993082747,0.5010992280,0.5007526050
122.450000,0.9993090350,0.5010964833,0.5007502432
122.500000,0.9993097941,0.5010937456,0.5007478877
122.550000,0.9993105520,0.5010910146,0.5007455384
122.600000,0.9993113089,0.5010882905,0.5007431954
122.650000,0.9993120646,0.5010855732,0.5007408586
122.700000,0.9993128191,0.5010828626,0.5007385281
122.750000,0.9993135726,0.5010801588,0.5007362037
122.800000,0.9993143249,0.5010774618,0.5007338855
122.850000,0.9993150761,0.5010747715,0.5007315735
122.900000,0.9993158262,0.5010720879,0.5007292676
122.950000,0.9993165752,0.5010694111,0.5007269678
123.000000,0.9993173231,0.5010667409,0.5007246742
123.050000,0.9993180698,0.5010640774,0.5007223867
123.100000,0.9993188155,0.5010614205,0.5007201052
123.150000,0.9993195600,0.5010587703,0.5007178298
123.200000,0.9993203034,0.5010561266,0.5007155605
123.250000,0.9993210458,0.5010534896,0.5007132972
123.300000,0.9993217870,0.5010508592,0.5007110400
123.350000,0.9993225271,0.5010482353,0.5007087887
123.400000,0.9993232661,0.5010456180,0.5007065435
123.450000,0.9993240041,0.5010430072,0.5007043042
123.500000,0.9993247409,0.5010404030,0.5007020709
123.550000,0.9993254767,0.5010378052,0.5006998435
123.600000,0.9993262113,0.5010352139,0.5006976221
123.650000,0.9993269449,0.5010326291,0.5006954066
123.700000,0.9993276774,0.5010300508,0.5006931969
123.750000,0.9993284088,0.5010274789,0.5006909932
123.800000,0.9993291391,0.5010249134,0.5006887954
123.850000,0.9993298684,0.5010223543,0.5006866034
123.900000,0.9993305965,0.5010198016,0.5006844172
123.950000,0.9993313236,0.5010172553,0.5006822369
124.000000,0.9993320496,0.5010147153,0.5006800624
124.050000,0.9993327746,0.5010121817,0.5006778936
124.100000,0.9993334985,0.5010096544,0.5006757307
124.150000,0.9993342213,0.5010071334,0.5006735735
124.200000,0.9993349430,0.5010046187,0.5006714221
124.250000,0.9993356637,0.5010021103,0.5006692764
124.300000,0.9993363834,0.5009996082,0.5006671365
124.350000,0.9993371019,0.5009971123,0.5006650023
124.400000,0.9993378194,0.5009946226,0.5006628737
124.450000,0.9993385359,0.5009921392,0.5006607508
124.500000,0.9993392513,0.5009896619,0.5006586336
124.550000,0.9993399656,0.5009871908,0.5006565221
124.600000,0.9993406789,0.5009847259,0.5006544162
124.650000,0.9993413912,0.5009822672,0.5006523159
124.700000,0.9993421024,0.5009798146,0.5006502212
124.750000,0.9993428126,0.5009773681,0.5006481321
124.800000,0.9993435217,0.5009749278,0.5006460486
124.850000,0.9993442298,0.5009724935,0.5006439706
124.900000,0.9993449368,0.5009700653,0.5006418983
124.950000,0.9993456428,0.5009676432,0.5006398314
125.000000,0.9993463478,0.5009652271,0.5006377701
125.050000,0.9993470518,0.5009628170,0.5006357142
125.100000,0.9993477547,0.5009604130,0.5006336639
125.150000,0.9993484566,0.5009580149,0.5006316190
125.200000,0.9993491574,0.5009556229,0.5006295797
125.250000,0.9993498573,0.5009532368,0.5006275457
125.300000,0.9993505561,0.5009508567,0.5006255172
125.350000,0.9993512539,0.5009484825,0.5006234942
125.400000,0.9993519507,0.5009461143,0.5006214765
125.450000,0.9993526464,0.5009437520,0.5006194642
125.500000,0.9993533412,0.5009413955,0.5006174574
125.550000,0.9993540349,0.5009390450,0.5006154558
125.600000,0.9993547276,0.5009367003,0.5006134597
125.650000,0.9993554193,0.5009343615,0.5006114689
125.700000,0.9993561101,0.5009320285,0.5006094834
125.750000,0.9993567998,0.5009297013,0.5006075032
125.800000,0.9993574885,0.5009273800,0.5006055283
125.850000,0.9993581761,0.5009250644,0.5006035588
125.900000,0.9993588628,0.5009227546,0.5006015945
125.950000,0.9993595485,0.5009204506,0.5005996354
126.000000,0.9993602332,0.5009181524,0.5005976816
126.050000,0.9993609169,0.5009158599,0.5005957330
126.100000,0.9993615997,0.5009135731,0.5005937897
126.150000,0.9993622814,0.5009112920,0.5005918515
126.200000,0.9993629621,0.5009090166,0.5005899186
126.250000,0.9993636419,0.5009067469,0.5005879908
126.300000,0.9993643206,0.5009044829,0.5005860682
126.350000,0.9993649984,0.5009022245,0.5005841508
126.400000,0.9993656752,0.5008999718,0.5005822385
126.450000,0.9993663510,0.5008977246,0.5005803313
126.500000,0.9993670259,0.5008954831,0.5005784292
126.550000,0.9993676997,0.5008932472,0.5005765323
126.600000,0.9993683726,0.5008910169,0.5005746404
126.650000,0.9993690445,0.5008887921,0.5005727536
126.700000,0.9993697155,0.5008865729,0.5005708719
126.750000,0.9993703854,0.5008843593,0.5005689952
126.800000,0.9993710544,0.5008821511,0.5005671235
126.850000,0.9993717225,0.5008799485,0.5005652569
126.900000,0.9993723896,0.5008777514,0.5005633953
126.950000,0.9993730557,0.5008755597,0.5005615386
127.000000,0.9993737208,0.5008733736,0.5005596870
127.050000,0.9993743850,0.5008711929,0.5005578403
127.100000,0.9993750483,0.5008690176,0.5005559986
127.150000,0.9993757105,0.5008668478,0.5005541619
127.200000,0.9993763719,0.5008646834,0.5005523300
127.250000,0.9993770322,0.5008625243,0.5005505031
127.300000,0.9993776917,0.5008603707,0.5005486812
127.350000,0.9993783502,0.5008582225,0.5005468641
127.400000,0.9993790077,0.5008560796,0.5005450518
127.450000,0.9993796643,0.5008539421,0.5005432445
127.500000,0.9993803199,0.5008518099,0.5005414420
127.550000,0.9993809746,0.5008496830,0.5005396444
127.600000,0.9993816284,0.5008475615,0.5005378516
127.650000,0.9993822812,0.5008454452,0.5005360636
127.700000,0.9993829331,0.5008433342,0.5005342804
127.750000,0.9993835841,0.5008412285,0.5005325020
127.800000,0.9993842341,0.5008391281,0.5005307284
127.850000,0.9993848832,0.5008370329,0.5005289596
127.900000,0.9993855313,0.5008349429,0.5005271956
127.950000,0.9993861786,0.5008328582,0.5005254362
128.000000,0.9993868249,0.5008307786,0.5005236817
128.050000,0.9993874703,0.5008287043,0.5005219318
128.100000,0.9993881147,0.5008266351,0.5005201867
128.150000,0.9993887583,0.5008245711,0.5005184462
128.200000,0.9993894009,0.5008225123,0.5005167105
128.250000,0.9993900426,0.5008204585,0.5005149794
128.300000,0.9993906834,0.5008184100,0.5005132530
128.350000,0.9993913232,0.5008163665,0.5005115312
128.400000,0.9993919622,0.5008143281,0.5005098141
128.450000,0.9993926002,0.5008122948,0.5005081016
128.500000,0.9993932374,0.5008102666,0.5005063937
128.550000,0.9993938736,0.5008082435,0.5005046904
128.600000,0.9993945089,0.5008062254,0.5005029917
128.650000,0.9993951433,0.5008042124,0.5005012976
128.700000,0.9993957768,0.5008022044,0.5004996081
128.750000,0.9993964095,0.5008002013,0.5004979231
128.800000,0.9993970412,0.5007982033,0.5004962426
128.850000,0.9993976720,0.5007962103,0.5004945667
128.900000,0.9993983019,0.5007942223,0.5004928954
128.950000,0.9993989309,0.5007922392,0.5004912285
129.000000,0.9993995591,0.5007902611,0.5004895661
129.050000,0.9994001863,0.5007882879,0.5004879082
129.100000,0.9994008126,0.5007863196,0.5004862548
129.150000,0.9994014381,0.5007843563,0.5004846059
129.200000,0.9994020627,0.5007823979,0.5004829614
129.250000,0.9994026864,0.5007804443,0.5004813213
129.300000,0.9994033092,0.5007784956,0.5004796857
129.350000,0.9994039311,0.5007765518,0.5004780545
129.400000,0.9994045521,0.5007746129,0.5004764277
129.450000,0.9994051723,0.5007726788,0.5004748053
129.500000,0.9994057916,0.5007707495,0.5004731873
129.550000,0.9994064100,0.5007688250,0.5004715736
129.600000,0.9994070275,0.5007669053,0.5004699643
129.650000,0.9994076442,0.5007649905,0.5004683594
129.700000,0.9994082600,0.5007630804,0.5004667588
129.750000,0.9994088749,0.5007611751,0.5004651626
129.800000,0.9994094889,0.5007592745,0.5004635706
129.850000,0.9994101021,0.5007573787,0.5004619830
129.900000,0.9994107144,0.5007554876,0.5004603996
129.950000,0.9994113259,0.5007536012,0.5004588206
130.000000,0.9994119365,0.5007517196,0.5004572458
130.050000,0.9994125462,0.5007498426,0.5004556752
130.100000,0.9994131551,0.5007479704,0.5004541090
130.150000,0.9994137631,0.5007461028,0.5004525469
130.200000,0.9994143703,0.5007442399,0.5004509891
130.250000,0.9994149766,0.5007423816,0.5004494356
130.300000,0.9994155820,0.5007405279,0.5004478862
130.350000,0.9994161866,0.5007386789,0.5004463410
130.400000,0.9994167904,0.5007368346,0.5004448000
130.450000,0.9994173933,0.5007349948,0.5004432632
130.500000,0.9994179953,0.5007331596,0.5004417305
130.550000,0.9994185965,0.5007313290,0.5004402020
130.600000,0.9994191969,0.5007295029,0.5004386777
130.650000,0.9994197964,0.5007276814,0.5004371575
130.700000,0.9994203951,0.5007258645,0.5004356414
130.750000,0.9994209930,0.5007240521,0.5004341294
130.800000,0.9994215900,0.5007222442,0.5004326215
130.850000,0.9994221861,0.5007204409,0.5004311177
130.900000,0.9994227815,0.5007186420,0.5004296180
130.950000,0.9994233760,0.5007168477,0.5004281223
131.000000,0.9994239697,0.5007150578,0.5004266307
131.050000,0.9994245625,0.5007132724,0.5004251432
131.100000,0.9994251545,0.5007114914,0.5004236597
131.150000,0.9994257457,0.5007097149,0.5004221802
131.200000,0.9994263360,0.5007079429,0.5004207048
131.250000,0.9994269256,0.5007061752,0.5004192333
131.300000,0.9994275143,0.5007044120,0.5004177659
131.350000,0.9994281022,0.5007026531,0.5004163024
131.400000,0.9994286892,0.5007008987,0.5004148429
131.450000,0.9994292755,0.5006991486,0.5004133874
131.500000,0.9994298609,0.5006974030,0.5004119358
131.550000,0.9994304455,0.5006956616,0.5004104882
131.600000,0.9994310293,0.5006939246,0.5004090445
131.650000,0.9994316123,0.5006921920,0.5004076047
131.700000,0.9994321945,0.5006904637,0.5004061689
131.750000,0.9994327759,0.5006887397,0.5004047369
131.800000,0.9994333564,0.5006870200,0.5004033089
131.850000,0.9994339362,0.5006853046,0.5004018847
131.900000,0.9994345151,0.5006835935,0.5004004645
131.950000,0.9994350933,0.5006818866,0.5003990480
132.000000,0.9994356706,0.5006801840,0.5003976355
132.050000,0.9994362471,0.5006784857,0.5003962268
132.100000,0.9994368229,0.5006767916,0.5003948219
132.150000,0.9994373978,0.5006751017,0.5003934208
132.200000,0.9994379719,0.5006734161,0.5003920236
132.250000,0.9994385453,0.5006717346,0.5003906301
132.300000,0.9994391178,0.5006700574,0.5003892405
132.350000,0.9994396896,0.5006683843,0.5003878546
132.400000,0.9994402606,0.5006667155,0.5003864726
132.450000,0.9994408307,0.5006650508,0.5003850943
132.500000,0.9994414001,0.5006633902,0.5003837197
132.550000,0.9994419687,0.5006617338,0.5003823489
132.600000,0.9994425365,0.5006600815,0.5003809818
132.650000,0.9994431035,0.5006584334,0.5003796185
132.700000,0.9994436698,0.5006567894,0.5003782589
132.750000,0.9994442352,0.5006551494,0.5003769030
132.800000,0.9994447999,0.5006535136,0.5003755507
132.850000,0.9994453638,0.5006518819,0.5003742022
132.900000,0.9994459269,0.5006502542,0.5003728574
132.950000,0.9994464893,0.5006486306,0.5003715162
133.000000,0.9994470508,0.5006470111,0.5003701787
133.050000,0.9994476116,0.5006453955,0.5003688448
133.100000,0.9994481716,0.5006437841,0.5003675146
133.150000,0.9994487309,0.5006421766,0.5003661881
133.200000,0.9994492894,0.5006405732,0.5003648651
133.250000,0.9994498471,0.5006389738,0.5003635458
133.300000,0.9994504040,0.5006373783,0.5003622300
133.350000,0.9994509602,0.5006357869,0.5003609179
133.400000,0.9994515156,0.5006341994,0.5003596093
133.450000,0.9994520702,0.5006326159,0.5003583044
133.500000,0.9994526241,0.5006310363,0.5003570029
133.550000,0.9994531773,0.5006294607,0.5003557051
133.600000,0.9994537296,0.5006278890,0.5003544108
133.650000,0.9994542812,0.5006263212,0.5003531200
133.700000,0.9994548321,0.5006247574,0.5003518328
133.750000,0.9994553822,0.5006231974,0.5003505491
133.800000,0.9994559315,0.5006216414,0.5003492689
133.850000,0.9994564801,0.5006200892,0.5003479922
133.900000,0.9994570279,0.5006185409,0.5003467191
133.950000,0.9994575750,0.5006169965,0.5003454494
134.000000,0.9994581214,0.5006154560,0.5003441831
134.050000,0.9994586669,0.5006139192,0.5003429204
134.100000,0.9994592118,0.5006123864,0.5003416611
134.150000,0.9994597559,0.5006108573,0.5003404052
134.200000,0.9994602992,0.5006093321,0.5003391528
134.250000,0.9994608418,0.5006078106,0.5003379039
134.300000,0.9994613837,0.5006062930,0.5003366583
134.350000,0.9994619248,0.5006047792,0.5003354162
134.400000,0.9994624652,0.5006032691,0.5003341774
134.450000,0.9994630049,0.5006017628,0.5003329421
134.500000,0.9994635438,0.5006002603,0.5003317102
134.550000,0.9994640820,0.5005987615,0.5003304816
134.600000,0.9994646194,0.5005972665,0.5003292564
134.650000,0.9994651561,0.5005957752,0.5003280346
134.700000,0.9994656921,0.5005942876,0.5003268161
134.750000,0.9994662274,0.5005928037,0.5003256010
134.800000,0.9994667619,0.5005913236,0.5003243892
134.850000,0.9994672957,0.5005898471,0.5003231808
134.900000,0.9994678288,0.5005883743,0.5003219756
134.950000,0.9994683611,0.5005869052,0.5003207738
135.000000,0.9994688928,0.5005854398,0.5003195753
135.050000,0.9994694237,0.5005839780,0.5003183800
135.100000,0.9994699538,0.5005825199,0.5003171881
135.150000,0.9994704833,0.5005810654,0.5003159994
135.200000,0.9994710120,0.5005796146,0.5003148140
135.250000,0.9994715401,0.5005781674,0.5003136319
135.300000,0.9994720674,0.5005767237,0.5003124530
135.350000,0.9994725940,0.5005752837,0.5003112773
135.400000,0.9994731198,0.5005738473,0.5003101049
135.450000,0.9994736450,0.5005724145,0.5003089357
135.500000,0.9994741695,0.5005709852,0.5003077697
135.550000,0.9994746932,0.5005695596,0.5003066070
135.600000,0.9994752162,0.5005681374,0.5003054474
135.650000,0.9994757386,0.5005667189,0.5003042911
135.700000,0.9994762602,0.5005653039,0.5003031379
135.750000,0.9994767811,0.5005638924,0.5003019879
135.800000,0.9994773013,0.5005624844,0.5003008410
135.850000,0.9994778208,0.5005610799,0.5002996974
135.900000,0.9994783396,0.5005596790,0.5002985568
135.950000,0.9994788578,0.5005582815,0.5002974195
136.000000,0.9994793752,0.5005568876,0.5002962852
136.050000,0.9994798919,0.5005554971,0.5002951541
136.100000,0.9994804079,0.5005541101,0.5002940261
136.150000,0.9994809232,0.5005527265,0.5002929012
136.200000,0.9994814378,0.5005513464,0.5002917795
136.250000,0.9994819518,0.5005499698,0.5002906608
136.300000,0.9994824650,0.5005485966,0.5002895452
136.350000,0.9994829775,0.5005472268,0.5002884327
136.400000,0.9994834894,0.5005458605,0.5002873232
136.450000,0.9994840006,0.5005444975,0.5002862168
136.500000,0.9994845111,0.5005431380,0.5002851135
136.550000,0.9994850209,0.5005417818,0.5002840132
136.600000,0.9994855300,0.5005404291,0.5002829160
136.650000,0.9994860384,0.5005390797,0.5002818218
136.700000,0.9994865461,0.5005377337,0.5002807306
136.750000,0.9994870532,0.5005363910,0.5002796425
136.800000,0.9994875596,0.5005350517,0.5002785573
136.850000,0.9994880653,0.5005337157,0.5002774752
136.900000,0.9994885703,0.5005323831,0.5002763960
136.950000,0.9994890746,0.5005310538,0.5002753198
137.000000,0.9994895783,0.5005297278,0.5002742466
137.050000,0.9994900813,0.5005284052,0.5002731764
137.100000,0.9994905836,0.5005270858,0.5002721091
137.150000,0.9994910853,0.5005257697,0.5002710448
137.200000,0.9994915863,0.5005244570,0.5002699835
137.250000,0.9994920866,0.5005231475,0.5002689250
137.300000,0.9994925862,0.5005218412,0.5002678695
137.350000,0.9994930852,0.5005205383,0.5002668170
137.400000,0.9994935835,0.5005192385,0.5002657673
137.450000,0.9994940811,0.5005179421,0.5002647206
137.500000,0.9994945781,0.5005166488,0.5002636767
137.550000,0.9994950744,0.5005153588,0.5002626358
137.600000,0.9994955701,0.5005140720,0.5002615977
137.650000,0.9994960650,0.5005127884,0.5002605626
137.700000,0.9994965594,0.5005115081,0.5002595303
137.750000,0.9994970530,0.5005102309,0.5002585008
137.800000,0.9994975461,0.5005089569,0.5002574742
137.850000,0.9994980384,0.5005076861,0.5002564505
137.900000,0.9994985301,0.5005064185,0.5002554296
137.950000,0.9994990211,0.5005051540,0.5002544115
138.000000,0.9994995115,0.5005038927,0.5002533963
138.050000,0.9995000013,0.5005026346,0.5002523839
138.100000,0.9995004904,0.5005013795,0.5002513743
138.150000,0.9995009788,0.5005001277,0.5002503675
138.200000,0.9995014666,0.5004988789,0.5002493635
138.250000,0.9995019537,0.5004976333,0.5002483623
138.300000,0.9995024402,0.5004963907,0.5002473639
138.350000,0.9995029261,0.5004951513,0.5002463682
138.400000,0.9995034113,0.5004939150,0.5002453753
138.450000,0.9995038958,0.5004926817,0.5002443852
138.500000,0.9995043797,0.5004914516,0.5002433979
138.550000,0.9995048630,0.5004902245,0.5002424132
138.600000,0.9995053456,0.5004890004,0.5002414314
138.650000,0.9995058276,0.5004877795,0.5002404522
138.700000,0.9995063090,0.5004865615,0.5002394758
138.750000,0.9995067897,0.5004853466,0.5002385021
138.800000,0.9995072698,0.5004841348,0.5002375312
138.850000,0.9995077492,0.5004829260,0.5002365629
138.900000,0.9995082281,0.5004817202,0.5002355973
138.950000,0.9995087062,0.5004805174,0.5002346344
139.000000,0.9995091838,0.5004793176,0.5002336742
139.050000,0.9995096607,0.5004781208,0.5002327167
139.100000,0.9995101370,0.5004769270,0.5002317618
139.150000,0.9995106127,0.5004757361,0.5002308097
139.200000,0.9995110877,0.5004745483,0.5002298601
139.250000,0.9995115621,0.5004733634,0.5002289132
139.300000,0.9995120359,0.5004721815,0.5002279690
139.350000,0.9995125090,0.5004710025,0.5002270274
139.400000,0.9995129816,0.5004698265,0.5002260884
139.450000,0.9995134535,0.5004686534,0.5002251521
139.500000,0.9995139248,0.5004674832,0.5002242183
139.550000,0.9995143954,0.5004663159,0.5002232872
139.600000,0.9995148655,0.5004651516,0.5002223587
139.650000,0.9995153349,0.5004639902,0.5002214327
139.700000,0.9995158037,0.5004628316,0.5002205094
139.750000,0.9995162719,0.5004616760,0.5002195886
139.800000,0.9995167395,0.5004605233,0.5002186705
139.850000,0.9995172065,0.5004593734,0.5002177548
139.900000,0.9995176728,0.5004582264,0.5002168418
139.950000,0.9995181385,0.5004570823,0.5002159313
140.000000,0.9995186037,0.5004559410,0.5002150233
140.050000,0.9995190682,0.5004548026,0.5002141179
140.100000,0.9995195321,0.5004536670,0.5002132150
140.150000,0.9995199954,0.5004525342,0.5002123147
140.200000,0.9995204581,0.5004514043,0.5002114169
140.250000,0.9995209202,0.5004502772,0.5002105216
140.300000,0.9995213817,0.5004491529,0.5002096288
140.350000,0.9995218426,0.5004480314,0.5002087385
140.400000,0.9995223028,0.5004469127,0.5002078507
140.450000,0.9995227625,0.5004457969,0.5002069654
140.500000,0.9995232216,0.5004446838,0.5002060825
140.550000,0.9995236801,0.5004435734,0.5002052022
140.600000,0.9995241379,0.5004424659,0.5002043243
140.650000,0.9995245952,0.5004413611,0.5002034489
140.700000,0.9995250519,0.5004402591,0.5002025759
140.750000,0.9995255080,0.5004391598,0.5002017054
140.800000,0.9995259634,0.5004380633,0.5002008373
140.850000,0.9995264183,0.5004369695,0.5001999717
140.900000,0.9995268726,0.5004358784,0.5001991085
140.950000,0.9995273263,0.5004347901,0.5001982478
141.000000,0.9995277795,0.5004337045,0.5001973894
141.050000,0.9995282320,0.5004326216,0.5001965335
141.100000,0.9995286839,0.5004315414,0.5001956799
141.150000,0.9995291353,0.5004304639,0.5001948288
141.200000,0.9995295860,0.5004293890,0.5001939801
141.250000,0.9995300362,0.5004283169,0.5001931337
141.300000,0.9995304858,0.5004272475,0.5001922898
141.350000,0.9995309348,0.5004261807,0.5001914482
141.400000,0.9995313832,0.5004251166,0.5001906089
141.450000,0.9995318311,0.5004240551,0.5001897721
141.500000,0.9995322783,0.5004229963,0.5001889376
141.550000,0.9995327250,0.5004219401,0.5001881054
141.600000,0.9995331711,0.5004208866,0.5001872756
141.650000,0.9995336166,0.5004198357,0.5001864482
141.700000,0.9995340615,0.5004187874,0.5001856230
141.750000,0.9995345059,0.5004177417,0.5001848002
141.800000,0.9995349497,0.5004166987,0.5001839797
141.850000,0.9995353929,0.5004156582,0.5001831616
141.900000,0.9995358355,0.5004146204,0.5001823457
141.950000,0.9995362776,0.5004135851,0.5001815321
142.000000,0.9995367191,0.5004125525,0.5001807209
142.050000,0.9995371600,0.5004115224,0.5001799119
142.100000,0.9995376004,0.5004104948,0.5001791052
142.150000,0.9995380401,0.5004094699,0.5001783008
142.200000,0.9995384793,0.5004084475,0.5001774987
142.250000,0.9995389180,0.5004074277,0.5001766988
142.300000,0.9995393561,0.5004064104,0.5001759012
142.350000,0.9995397936,0.5004053956,0.5001751058
142.400000,0.9995402305,0.5004043834,0.5001743127
142.450000,0.9995406669,0.5004033737,0.5001735218
142.500000,0.9995411027,0.5004023665,0.5001727332
142.550000,0.9995415380,0.5004013618,0.5001719468
142.600000,0.9995419727,0.5004003597,0.5001711627
142.650000,0.9995424068,0.5003993600,0.5001703807
142.700000,0.9995428404,0.5003983629,0.5001696010
142.750000,0.9995432734,0.5003973682,0.5001688234
142.800000,0.9995437059,0.5003963760,0.5001680481
142.850000,0.9995441378,0.5003953863,0.5001672750
142.900000,0.9995445691,0.5003943991,0.5001665041
142.950000,0.9995449999,0.5003934143,0.5001657353
143.000000,0.9995454302,0.5003924320,0.5001649687
143.050000,0.9995458598,0.5003914522,0.5001642043
143.100000,0.9995462890,0.5003904748,0.5001634421
143.150000,0.9995467176,0.5003894998,0.5001626820
143.200000,0.9995471456,0.5003885273,0.5001619241
143.250000,0.9995475731,0.5003875572,0.5001611684
143.300000,0.9995480000,0.5003865895,0.5001604148
143.350000,0.9995484264,0.5003856242,0.5001596633
143.400000,0.9995488523,0.5003846614,0.5001589140
143.450000,0.9995492776,0.5003837009,0.5001581667
143.500000,0.9995497023,0.5003827429,0.5001574217
143.550000,0.9995501265,0.5003817872,0.5001566787
143.600000,0.9995505502,0.5003808339,0.5001559378
143.650000,0.9995509733,0.5003798830,0.5001551991
143.700000,0.9995513959,0.5003789345,0.5001544625
143.750000,0.9995518179,0.5003779884,0.5001537279
143.800000,0.9995522394,0.5003770446,0.5001529954
143.850000,0.9995526604,0.5003761031,0.5001522651
143.900000,0.9995530808,0.5003751640,0.5001515368
143.950000,0.9995535007,0.5003742273,0.5001508106
144.000000,0.9995539200,0.5003732929,0.5001500864
144.050000,0.9995543389,0.5003723608,0.5001493643
144.100000,0.9995547571,0.5003714311,0.5001486443
144.150000,0.9995551749,0.5003705037,0.5001479263
144.200000,0.9995555921,0.5003695786,0.5001472104
144.250000,0.9995560088,0.5003686558,0.5001464965
144.300000,0.9995564249,0.5003677353,0.5001457846
144.350000,0.9995568405,0.5003668171,0.5001450748
144.400000,0.9995572556,0.5003659012,0.5001443670
144.450000,0.9995576702,0.5003649876,0.5001436613
144.500000,0.9995580842,0.5003640763,0.5001429575
144.550000,0.9995584977,0.5003631672,0.5001422557
144.600000,0.9995589107,0.5003622604,0.5001415560
144.650000,0.9995593232,0.5003613559,0.5001408583
144.700000,0.9995597351,0.5003604537,0.5001401625
144.750000,0.9995601465,0.5003595536,0.5001394688
144.800000,0.9995605574,0.5003586559,0.5001387770
144.850000,0.9995609678,0.5003577604,0.5001380872
144.900000,0.9995613776,0.5003568671,0.5001373994
144.950000,0.9995617869,0.5003559760,0.5001367135
145.000000,0.9995621958,0.5003550872,0.5001360296
145.050000,0.9995626040,0.5003542006,0.5001353477
145.100000,0.9995630118,0.5003533162,0.5001346677
145.150000,0.9995634191,0.5003524340,0.5001339897
145.200000,0.9995638258,0.5003515540,0.5001333136
145.250000,0.9995642320,0.5003506762,0.5001326394
145.300000,0.9995646377,0.5003498006,0.5001319672
145.350000,0.9995650429,0.5003489272,0.5001312969
145.400000,0.9995654476,0.5003480560,0.5001306286
145.450000,0.9995658518,0.5003471869,0.5001299621
145.500000,0.9995662554,0.5003463201,0.5001292976
145.550000,0.9995666586,0.5003454553,0.5001286349
145.600000,0.9995670612,0.5003445928,0.5001279742
145.650000,0.9995674634,0.5003437324,0.5001273154
145.700000,0.9995678650,0.5003428741,0.5001266584
145.750000,0.9995682661,0.5003420180,0.5001260034
145.800000,0.9995686667,0.5003411640,0.5001253502
145.850000,0.9995690668,0.5003403122,0.5001246989
145.900000,0.9995694664,0.5003394625,0.5001240495
145.950000,0.9995698655,0.5003386149,0.5001234020
146.000000,0.9995702641,0.5003377694,0.5001227563
146.050000,0.9995706622,0.5003369260,0.5001221125
146.100000,0.9995710598,0.5003360848,0.5001214705
146.150000,0.9995714569,0.5003352456,0.5001208304
146.200000,0.9995718535,0.5003344085,0.5001201921
146.250000,0.9995722495,0.5003335735,0.5001195556
146.300000,0.9995726451,0.5003327407,0.5001189210
146.350000,0.9995730402,0.5003319098,0.5001182883
146.400000,0.9995734348,0.5003310811,0.5001176573
146.450000,0.9995738289,0.5003302544,0.5001170282
146.500000,0.9995742225,0.5003294298,0.5001164008
146.550000,0.9995746157,0.5003286073,0.5001157753
146.600000,0.9995750083,0.5003277868,0.5001151516
146.650000,0.9995754004,0.5003269684,0.5001145297
146.700000,0.9995757921,0.5003261520,0.5001139096
146.750000,0.9995761832,0.5003253376,0.5001132913
146.800000,0.9995765739,0.5003245253,0.5001126748
146.850000,0.9995769640,0.5003237150,0.5001120600
146.900000,0.9995773537,0.5003229067,0.5001114471
146.950000,0.9995777429,0.5003221004,0.5001108359
147.000000,0.9995781316,0.5003212962,0.5001102264
147.050000,0.9995785198,0.5003204939,0.5001096188
147.100000,0.9995789075,0.5003196937,0.5001090129
147.150000,0.9995792948,0.5003188955,0.5001084087
147.200000,0.9995796815,0.5003180992,0.5001078063
147.250000,0.9995800678,0.5003173050,0.5001072056
147.300000,0.9995804536,0.5003165127,0.5001066067
147.350000,0.9995808389,0.5003157224,0.5001060095
147.400000,0.9995812238,0.5003149341,0.5001054141
147.450000,0.9995816081,0.5003141477,0.5001048204
147.500000,0.9995819920,0.5003133633,0.5001042284
147.550000,0.9995823754,0.5003125809,0.5001036381
147.600000,0.9995827583,0.5003118004,0.5001030495
147.650000,0.9995831407,0.5003110219,0.5001024626
147.700000,0.9995835227,0.5003102453,0.5001018775
147.750000,0.9995839042,0.5003094707,0.5001012940
147.800000,0.9995842852,0.5003086980,0.5001007122
147.850000,0.9995846657,0.5003079272,0.5001001322
147.900000,0.9995850458,0.5003071583,0.5000995538
147.950000,0.9995854254,0.5003063914,0.5000989771
148.000000,0.9995858045,0.5003056264,0.5000984020
148.050000,0.9995861831,0.5003048633,0.5000978287
148.100000,0.9995865613,0.5003041021,0.5000972570
148.150000,0.9995869390,0.5003033428,0.5000966870
148.200000,0.9995873163,0.5003025853,0.5000961186
148.250000,0.9995876930,0.5003018298,0.5000955519
148.300000,0.9995880693,0.5003010762,0.5000949868
148.350000,0.9995884452,0.5003003244,0.5000944234
148.400000,0.9995888205,0.5002995746,0.5000938617
148.450000,0.9995891954,0.5002988266,0.5000933015
148.500000,0.9995895699,0.5002980804,0.5000927430
148.550000,0.9995899439,0.5002973362,0.5000921862
148.600000,0.9995903174,0.5002965938,0.5000916309
148.650000,0.9995906904,0.5002958532,0.5000910773
148.700000,0.9995910630,0.5002951145,0.5000905253
148.750000,0.9995914351,0.5002943776,0.5000899749
148.800000,0.9995918068,0.5002936426,0.5000894261
148.850000,0.9995921780,0.5002929094,0.5000888790
148.900000,0.9995925488,0.5002921781,0.5000883334
148.950000,0.9995929190,0.5002914485,0.5000877894
149.000000,0.9995932889,0.5002907208,0.5000872470
149.050000,0.9995936582,0.5002899949,0.5000867062
149.100000,0.9995940272,0.5002892708,0.5000861670
149.150000,0.9995943956,0.5002885486,0.5000856293
149.200000,0.9995947636,0.5002878281,0.5000850933
149.250000,0.9995951312,0.5002871094,0.5000845588
149.300000,0.9995954983,0.5002863925,0.5000840258
149.350000,0.9995958649,0.5002856775,0.5000834945
149.400000,0.9995962311,0.5002849641,0.5000829647
149.450000,0.9995965969,0.5002842526,0.5000824364
149.500000,0.9995969622,0.5002835429,0.5000819097
149.550000,0.9995973270,0.5002828349,0.5000813845
149.600000,0.9995976914,0.5002821287,0.5000808609
149.650000,0.9995980554,0.5002814243,0.5000803388
149.700000,0.9995984189,0.5002807216,0.5000798183
149.750000,0.9995987819,0.5002800207,0.5000792993
149.800000,0.9995991445,0.5002793215,0.5000787818
149.850000,0.9995995067,0.5002786240,0.5000782658
149.900000,0.9995998684,0.5002779284,0.5000777514
149.950000,0.9996002297,0.5002772344,0.5000772384
150.000000,0.9996005905,0.5002765422,0.5000767270
